key,Distance,Time
"(0, 0)",0.0,0.0
"(0, 1)",25510.47,19.0415
"(0, 2)",1935.32,4.620666666666667
"(0, 3)",1261.16,3.5326666666666666
"(0, 4)",3396.34,4.98
"(0, 5)",2853.02,4.679666666666666
"(0, 6)",2811.86,4.914666666666666
"(0, 7)",803.19,2.1373333333333333
"(0, 8)",3038.11,4.765
"(0, 9)",3333.68,5.825666666666667
"(0, 10)",1770.12,4.405
"(0, 11)",1755.37,3.5751666666666666
"(0, 12)",3030.14,5.794
"(0, 13)",3461.56,5.979
"(0, 14)",211.0,0.422
"(0, 15)",4316.36,5.774666666666667
"(0, 16)",4953.04,6.133333333333333
"(0, 17)",3085.2,6.014166666666667
"(0, 18)",2612.37,4.647666666666667
"(0, 19)",1557.94,4.423
"(0, 20)",1450.32,4.1001666666666665
"(0, 21)",2801.27,5.1866666666666665
"(0, 22)",74.77,0.14950000000000002
"(0, 23)",2996.0,5.138833333333333
"(0, 24)",1750.8,3.5696666666666665
"(0, 25)",2143.91,4.264833333333333
"(0, 26)",1962.46,3.8055000000000003
"(0, 27)",4156.36,5.655333333333333
"(0, 28)",191.84,0.38366666666666666
"(0, 29)",141.81,0.2836666666666667
"(0, 30)",3920.51,5.4431666666666665
"(0, 31)",1967.36,3.81
"(0, 32)",2662.88,4.539833333333333
"(0, 33)",2227.13,5.354833333333334
"(0, 34)",1557.94,4.423
"(0, 35)",1455.15,3.515333333333333
"(0, 36)",2003.75,3.8436666666666666
"(0, 37)",14228.17,11.573833333333333
"(0, 38)",395.44,0.7908333333333334
"(0, 39)",3127.7,6.184166666666667
"(0, 40)",663.23,1.3263333333333334
"(0, 41)",2004.7,3.8444999999999996
"(0, 42)",3595.81,5.812833333333333
"(0, 43)",1872.28,4.813666666666666
"(0, 44)",468.98,0.9378333333333334
"(0, 45)",3314.0,5.802
"(0, 46)",3060.69,5.498
"(0, 47)",4961.67,6.067833333333333
"(0, 48)",318.03,0.6359999999999999
"(0, 49)",1872.28,4.813666666666666
"(0, 50)",2687.3,4.474500000000001
"(1, 0)",3441.93,5.021833333333333
"(1, 1)",0.0,0.0
"(1, 2)",3470.88,4.168
"(1, 3)",2643.0,2.9263333333333335
"(1, 4)",2336.97,1.4021666666666666
"(1, 5)",1862.02,1.6215000000000002
"(1, 6)",4347.43,4.462000000000001
"(1, 7)",2638.74,2.8845
"(1, 8)",1978.74,1.1871666666666667
"(1, 9)",5466.96,5.8084999999999996
"(1, 10)",3305.68,3.9523333333333333
"(1, 11)",1686.62,1.4466666666666665
"(1, 12)",4565.7,5.341333333333334
"(1, 13)",5339.08,5.655166666666666
"(1, 14)",3652.93,5.443833333333333
"(1, 15)",770.71,0.4858333333333333
"(1, 16)",1407.38,0.8443333333333333
"(1, 17)",4620.76,5.5615
"(1, 18)",4147.93,4.194999999999999
"(1, 19)",2405.7,3.2728333333333333
"(1, 20)",2298.09,2.95
"(1, 21)",5999.38,6.447500000000001
"(1, 22)",3516.7,5.171333333333333
"(1, 23)",4531.57,4.686166666666667
"(1, 24)",1691.19,1.4521666666666666
"(1, 25)",3679.48,3.8121666666666663
"(1, 26)",1479.53,1.2163333333333335
"(1, 27)",610.7,0.36633333333333334
"(1, 28)",3633.76,5.4055
"(1, 29)",3583.74,5.305499999999999
"(1, 30)",2861.14,1.8653333333333333
"(1, 31)",1474.63,1.2118333333333333
"(1, 32)",1603.52,0.962
"(1, 33)",3762.7,4.902
"(1, 34)",2405.7,3.2728333333333333
"(1, 35)",2990.71,3.0626666666666664
"(1, 36)",1438.24,1.1781666666666666
"(1, 37)",13168.8,7.9959999999999996
"(1, 38)",3837.37,5.812666666666667
"(1, 39)",4663.26,5.7315
"(1, 40)",4105.16,6.348166666666667
"(1, 41)",1437.29,1.1773333333333333
"(1, 42)",5131.38,5.36
"(1, 43)",3407.85,4.361000000000001
"(1, 44)",3910.91,5.959666666666666
"(1, 45)",5486.65,5.832166666666667
"(1, 46)",5739.96,6.136166666666667
"(1, 47)",3902.3,2.49
"(1, 48)",3123.9,4.385833333333333
"(1, 49)",3407.85,4.361000000000001
"(1, 50)",1696.29,1.4164999999999999
"(2, 0)",1935.32,4.620666666666667
"(2, 1)",25539.43,18.187666666666665
"(2, 2)",0.0,0.0
"(2, 3)",1290.12,2.678833333333333
"(2, 4)",3425.29,4.126
"(2, 5)",2881.98,3.8258333333333336
"(2, 6)",964.63,2.171
"(2, 7)",1132.13,2.4833333333333334
"(2, 8)",3067.06,3.9111666666666665
"(2, 9)",2596.96,4.044
"(2, 10)",224.88,0.8995
"(2, 11)",1784.32,2.7213333333333334
"(2, 12)",1182.9,3.0505
"(2, 13)",2469.08,3.8906666666666667
"(2, 14)",2146.32,5.042666666666666
"(2, 15)",4345.32,4.920833333333333
"(2, 16)",4981.99,5.279333333333333
"(2, 17)",1237.96,3.2706666666666666
"(2, 18)",765.13,1.904
"(2, 19)",1586.89,3.569166666666667
"(2, 20)",1479.28,3.246166666666667
"(2, 21)",3129.38,4.683
"(2, 22)",2010.09,4.770166666666666
"(2, 23)",1661.57,2.9215
"(2, 24)",1779.75,2.7158333333333333
"(2, 25)",368.33,1.3268333333333333
"(2, 26)",1991.41,2.9516666666666667
"(2, 27)",4185.31,4.8015
"(2, 28)",2127.15,5.004333333333333
"(2, 29)",2077.13,4.904333333333333
"(2, 30)",3949.46,4.589166666666667
"(2, 31)",1996.31,2.956166666666667
"(2, 32)",2691.83,3.686
"(2, 33)",892.69,3.1375
"(2, 34)",1586.89,3.569166666666667
"(2, 35)",691.33,1.8688333333333331
"(2, 36)",2032.7,2.9896666666666665
"(2, 37)",14257.12,10.72
"(2, 38)",2330.76,5.4115
"(2, 39)",1280.46,3.4406666666666665
"(2, 40)",2598.54,5.947
"(2, 41)",2033.65,2.9905
"(2, 42)",1696.46,3.2430000000000003
"(2, 43)",242.63,0.9704999999999999
"(2, 44)",2404.3,5.5584999999999996
"(2, 45)",2616.65,4.067666666666667
"(2, 46)",2869.95,4.371666666666667
"(2, 47)",4990.62,5.213833333333333
"(2, 48)",1617.29,3.984666666666667
"(2, 49)",242.63,0.9704999999999999
"(2, 50)",2716.25,3.6206666666666667
"(3, 0)",1261.16,3.5326666666666666
"(3, 1)",24711.54,16.945999999999998
"(3, 2)",1290.12,2.678833333333333
"(3, 3)",0.0,0.0
"(3, 4)",2597.41,2.884333333333333
"(3, 5)",2054.09,2.584166666666667
"(3, 6)",2166.66,2.9728333333333334
"(3, 7)",457.98,1.3953333333333333
"(3, 8)",2239.18,2.6694999999999998
"(3, 9)",3286.2,4.319333333333334
"(3, 10)",1124.92,2.4631666666666665
"(3, 11)",956.44,1.4796666666666667
"(3, 12)",2384.94,3.8521666666666667
"(3, 13)",3158.32,4.166
"(3, 14)",1472.16,3.9546666666666668
"(3, 15)",3517.43,3.6791666666666667
"(3, 16)",4154.11,4.0376666666666665
"(3, 17)",2440.0,4.072333333333333
"(3, 18)",1967.17,2.705833333333333
"(3, 19)",412.87,1.2386666666666666
"(3, 20)",305.26,0.9156666666666666
"(3, 21)",3818.62,4.958333333333333
"(3, 22)",1335.94,3.682166666666667
"(3, 23)",2350.8,3.197
"(3, 24)",951.87,1.4741666666666666
"(3, 25)",1498.72,2.323
"(3, 26)",1163.53,1.71
"(3, 27)",3357.43,3.559833333333333
"(3, 28)",1453.0,3.916333333333333
"(3, 29)",1402.98,3.816333333333333
"(3, 30)",3121.58,3.3474999999999997
"(3, 31)",1168.43,1.7145000000000001
"(3, 32)",1863.95,2.4443333333333332
"(3, 33)",1581.93,3.4128333333333334
"(3, 34)",412.87,1.2386666666666666
"(3, 35)",809.95,1.5735
"(3, 36)",1204.82,1.748
"(3, 37)",13429.24,9.478333333333333
"(3, 38)",1656.61,4.3235
"(3, 39)",2482.5,4.242333333333333
"(3, 40)",1924.39,4.859
"(3, 41)",1205.76,1.7488333333333335
"(3, 42)",2950.61,3.870833333333333
"(3, 43)",1227.08,2.8718333333333335
"(3, 44)",1730.15,4.4705
"(3, 45)",3305.89,4.343
"(3, 46)",3559.19,4.647
"(3, 47)",4162.74,3.972166666666667
"(3, 48)",943.14,2.896666666666667
"(3, 49)",1227.08,2.8718333333333335
"(3, 50)",1888.37,2.379
"(4, 0)",4314.1,5.790166666666667
"(4, 1)",24728.0,15.7055
"(4, 2)",4343.05,4.936333333333334
"(4, 3)",3515.17,3.6946666666666665
"(4, 4)",0.0,0.0
"(4, 5)",2139.1,1.8406666666666667
"(4, 6)",5219.6,5.230333333333333
"(4, 7)",3510.91,3.653
"(4, 8)",2919.27,2.4753333333333334
"(4, 9)",6339.13,6.577
"(4, 10)",4177.85,4.720666666666666
"(4, 11)",2558.79,2.215
"(4, 12)",5437.87,6.109666666666667
"(4, 13)",6211.25,6.423500000000001
"(4, 14)",4525.1,6.212166666666667
"(4, 15)",3533.89,2.4386666666666663
"(4, 16)",4170.57,2.797166666666667
"(4, 17)",5492.93,6.33
"(4, 18)",5020.1,4.963333333333334
"(4, 19)",3277.87,4.041333333333333
"(4, 20)",3170.25,3.7185
"(4, 21)",6871.55,7.215833333333333
"(4, 22)",4388.87,5.939833333333333
"(4, 23)",5403.74,5.4544999999999995
"(4, 24)",2563.36,2.2205
"(4, 25)",4551.65,4.5805
"(4, 26)",2351.7,1.9846666666666666
"(4, 27)",3373.88,2.319166666666667
"(4, 28)",4505.93,6.1738333333333335
"(4, 29)",4455.91,6.073833333333333
"(4, 30)",524.28,0.46316666666666667
"(4, 31)",2346.8,1.9801666666666666
"(4, 32)",2544.04,2.2501666666666664
"(4, 33)",4634.86,5.6705000000000005
"(4, 34)",3277.87,4.041333333333333
"(4, 35)",3862.88,3.831166666666667
"(4, 36)",2310.41,1.9466666666666665
"(4, 37)",10831.94,6.593999999999999
"(4, 38)",4709.54,6.581
"(4, 39)",5535.43,6.499833333333333
"(4, 40)",4977.33,7.116666666666666
"(4, 41)",2309.46,1.9458333333333333
"(4, 42)",6003.54,6.1285
"(4, 43)",4280.02,5.129333333333333
"(4, 44)",4783.08,6.728166666666667
"(4, 45)",6358.82,6.600499999999999
"(4, 46)",6612.13,6.9045
"(4, 47)",1565.44,1.0878333333333332
"(4, 48)",3996.07,5.154166666666667
"(4, 49)",4280.02,5.129333333333333
"(4, 50)",1973.38,1.6355
"(5, 0)",2853.02,4.679666666666666
"(5, 1)",23335.48,15.091999999999999
"(5, 2)",2881.98,3.8258333333333336
"(5, 3)",2054.09,2.584166666666667
"(5, 4)",1816.43,1.5796666666666668
"(5, 5)",0.0,0.0
"(5, 6)",3758.52,4.119833333333333
"(5, 7)",2049.84,2.542333333333333
"(5, 8)",1458.2,1.3648333333333333
"(5, 9)",4878.06,5.466333333333334
"(5, 10)",2716.78,3.6101666666666667
"(5, 11)",1097.71,1.1044999999999998
"(5, 12)",3976.8,4.9991666666666665
"(5, 13)",4750.18,5.313
"(5, 14)",3064.02,5.101666666666667
"(5, 15)",2141.37,1.8251666666666668
"(5, 16)",2778.05,2.183666666666667
"(5, 17)",4031.86,5.219333333333334
"(5, 18)",3559.03,3.852833333333333
"(5, 19)",1816.79,2.9306666666666668
"(5, 20)",1709.18,2.6078333333333332
"(5, 21)",5410.48,6.105333333333333
"(5, 22)",2927.8,4.829166666666667
"(5, 23)",3942.66,4.343999999999999
"(5, 24)",1102.28,1.1099999999999999
"(5, 25)",3090.58,3.4699999999999998
"(5, 26)",890.63,0.8741666666666666
"(5, 27)",1981.36,1.7058333333333333
"(5, 28)",3044.86,5.0633333333333335
"(5, 29)",2994.84,4.963333333333334
"(5, 30)",2340.6,2.0428333333333333
"(5, 31)",885.72,0.8696666666666667
"(5, 32)",1082.97,1.1396666666666666
"(5, 33)",3173.79,4.559833333333333
"(5, 34)",1816.79,2.9306666666666668
"(5, 35)",2401.81,2.7205
"(5, 36)",849.33,0.8361666666666667
"(5, 37)",12648.26,8.1735
"(5, 38)",3248.47,5.4705
"(5, 39)",4074.36,5.389333333333333
"(5, 40)",3516.25,6.006
"(5, 41)",848.39,0.8351666666666666
"(5, 42)",4542.47,5.017833333333333
"(5, 43)",2818.94,4.018833333333333
"(5, 44)",3322.01,5.6175
"(5, 45)",4897.75,5.489999999999999
"(5, 46)",5151.05,5.794
"(5, 47)",3381.76,2.6675
"(5, 48)",2535.0,4.043666666666667
"(5, 49)",2818.94,4.018833333333333
"(5, 50)",165.81,0.20516666666666666
"(6, 0)",2811.86,4.914666666666666
"(6, 1)",26415.97,18.48166666666667
"(6, 2)",964.63,2.171
"(6, 3)",2166.66,2.9728333333333334
"(6, 4)",4301.84,4.42
"(6, 5)",3758.52,4.119833333333333
"(6, 6)",0.0,0.0
"(6, 7)",2008.68,2.777333333333333
"(6, 8)",3943.61,4.205166666666667
"(6, 9)",2896.49,3.7609999999999997
"(6, 10)",1101.52,2.7186666666666666
"(6, 11)",2660.87,3.015333333333333
"(6, 12)",223.75,0.8886666666666666
"(6, 13)",2768.61,3.607666666666667
"(6, 14)",3022.86,5.336666666666666
"(6, 15)",5221.86,5.214833333333333
"(6, 16)",5858.54,5.573333333333333
"(6, 17)",278.81,1.109
"(6, 18)",199.5,0.267
"(6, 19)",2463.44,3.8631666666666664
"(6, 20)",2355.82,3.540333333333333
"(6, 21)",3428.9,4.4
"(6, 22)",2886.64,5.064166666666667
"(6, 23)",1961.09,2.6386666666666665
"(6, 24)",2656.3,3.0098333333333334
"(6, 25)",849.29,1.3751666666666666
"(6, 26)",2867.96,3.2456666666666667
"(6, 27)",5061.86,5.0955
"(6, 28)",3003.7,5.298333333333333
"(6, 29)",2953.68,5.198333333333333
"(6, 30)",4826.01,4.883166666666667
"(6, 31)",2872.86,3.2501666666666664
"(6, 32)",3568.38,3.98
"(6, 33)",1736.57,2.9116666666666666
"(6, 34)",2463.44,3.8631666666666664
"(6, 35)",1567.88,2.1628333333333334
"(6, 36)",2909.25,3.283666666666667
"(6, 37)",15133.67,11.014000000000001
"(6, 38)",3207.31,5.7055
"(6, 39)",321.31,1.279
"(6, 40)",3475.09,6.241
"(6, 41)",2910.2,3.284666666666667
"(6, 42)",732.28,1.0726666666666667
"(6, 43)",975.61,2.4538333333333333
"(6, 44)",3280.85,5.852499999999999
"(6, 45)",2916.17,3.784666666666667
"(6, 46)",3169.48,4.088666666666667
"(6, 47)",5867.17,5.508
"(6, 48)",2493.84,4.278666666666667
"(6, 49)",975.61,2.4538333333333333
"(6, 50)",3592.8,3.9146666666666667
"(7, 0)",803.19,2.1373333333333333
"(7, 1)",24707.28,16.904166666666665
"(7, 2)",1132.13,2.4833333333333334
"(7, 3)",457.98,1.3953333333333333
"(7, 4)",2593.15,2.8426666666666667
"(7, 5)",2049.84,2.542333333333333
"(7, 6)",2008.68,2.777333333333333
"(7, 7)",0.0,0.0
"(7, 8)",2234.92,2.6276666666666664
"(7, 9)",3128.21,4.124
"(7, 10)",966.93,2.2676666666666665
"(7, 11)",952.18,1.438
"(7, 12)",2226.95,3.6566666666666667
"(7, 13)",3000.33,3.9705
"(7, 14)",1014.19,2.559166666666667
"(7, 15)",3513.18,3.6373333333333333
"(7, 16)",4149.85,3.996
"(7, 17)",2282.01,3.8770000000000002
"(7, 18)",1809.18,2.5103333333333335
"(7, 19)",754.75,2.2856666666666663
"(7, 20)",647.14,1.9628333333333332
"(7, 21)",3660.63,4.762833333333333
"(7, 22)",877.96,2.2868333333333335
"(7, 23)",2192.82,3.0015
"(7, 24)",947.61,1.4325
"(7, 25)",1340.73,2.1275
"(7, 26)",1159.27,1.6681666666666668
"(7, 27)",3353.17,3.5180000000000002
"(7, 28)",995.02,2.521
"(7, 29)",945.0,2.4208333333333334
"(7, 30)",3117.32,3.305833333333333
"(7, 31)",1164.17,1.6726666666666665
"(7, 32)",1859.69,2.4026666666666667
"(7, 33)",1423.94,3.2175000000000002
"(7, 34)",754.75,2.2856666666666663
"(7, 35)",651.96,1.3781666666666665
"(7, 36)",1200.56,1.7063333333333333
"(7, 37)",13424.98,9.4365
"(7, 38)",1198.63,2.928166666666667
"(7, 39)",2324.51,4.047
"(7, 40)",1466.42,3.4636666666666667
"(7, 41)",1201.51,1.7071666666666667
"(7, 42)",2792.62,3.6755
"(7, 43)",1069.09,2.6763333333333335
"(7, 44)",1272.17,3.0751666666666666
"(7, 45)",3147.9,4.1475
"(7, 46)",3401.2,4.451499999999999
"(7, 47)",4158.48,3.9305000000000003
"(7, 48)",485.16,1.5011666666666665
"(7, 49)",1069.09,2.6763333333333335
"(7, 50)",1884.11,2.3373333333333335
"(8, 0)",4672.33,6.005166666666667
"(8, 1)",25086.23,15.920333333333334
"(8, 2)",4701.29,5.151333333333333
"(8, 3)",3873.4,3.9095
"(8, 4)",358.23,0.215
"(8, 5)",2497.34,2.0555
"(8, 6)",5577.83,5.445333333333334
"(8, 7)",3869.14,3.867833333333333
"(8, 8)",0.0,0.0
"(8, 9)",6697.37,6.791833333333333
"(8, 10)",4536.09,4.935666666666666
"(8, 11)",2917.02,2.43
"(8, 12)",5796.11,6.324666666666667
"(8, 13)",6569.49,6.6385
"(8, 14)",4883.33,6.4271666666666665
"(8, 15)",3892.12,2.6535
"(8, 16)",4528.8,3.0121666666666664
"(8, 17)",5851.17,6.544833333333333
"(8, 18)",5378.34,5.178333333333333
"(8, 19)",3636.1,4.256166666666667
"(8, 20)",3528.49,3.933333333333333
"(8, 21)",7229.78,7.430833333333333
"(8, 22)",4747.1,6.1546666666666665
"(8, 23)",5761.97,5.6695
"(8, 24)",2921.59,2.4354999999999998
"(8, 25)",4909.88,4.7955000000000005
"(8, 26)",2709.93,2.1996666666666664
"(8, 27)",3732.12,2.5341666666666667
"(8, 28)",4864.17,6.388833333333333
"(8, 29)",4814.15,6.288833333333333
"(8, 30)",882.51,0.6781666666666666
"(8, 31)",2705.03,2.1951666666666667
"(8, 32)",2902.28,2.4651666666666667
"(8, 33)",4993.1,5.8853333333333335
"(8, 34)",3636.1,4.256166666666667
"(8, 35)",4221.12,4.045999999999999
"(8, 36)",2668.64,2.1614999999999998
"(8, 37)",11190.17,6.808833333333332
"(8, 38)",5067.78,6.795999999999999
"(8, 39)",5893.66,6.714833333333333
"(8, 40)",5335.56,7.331499999999999
"(8, 41)",2667.69,2.1606666666666663
"(8, 42)",6361.78,6.343333333333334
"(8, 43)",4638.25,5.344333333333334
"(8, 44)",5141.32,6.943
"(8, 45)",6717.05,6.8155
"(8, 46)",6970.36,7.1195
"(8, 47)",1923.67,1.3028333333333333
"(8, 48)",4354.31,5.369166666666667
"(8, 49)",4638.25,5.344333333333334
"(8, 50)",2331.61,1.8505
"(9, 0)",3333.68,5.825666666666667
"(9, 1)",27535.51,19.828333333333333
"(9, 2)",2596.96,4.044
"(9, 3)",3286.2,4.319333333333334
"(9, 4)",5421.38,5.766666666666667
"(9, 5)",4878.06,5.466333333333334
"(9, 6)",2896.49,3.7609999999999997
"(9, 7)",3128.21,4.124
"(9, 8)",5063.14,5.551833333333334
"(9, 9)",0.0,0.0
"(9, 10)",2728.54,4.125166666666667
"(9, 11)",3780.4,4.362
"(9, 12)",3114.76,4.640333333333333
"(9, 13)",127.88,0.15350000000000003
"(9, 14)",3122.69,5.403666666666667
"(9, 15)",6341.4,6.5615
"(9, 16)",6978.08,6.92
"(9, 17)",3169.82,4.860666666666666
"(9, 18)",2696.99,3.4939999999999998
"(9, 19)",3582.97,5.209666666666666
"(9, 20)",3475.36,4.886833333333333
"(9, 21)",532.42,0.6388333333333333
"(9, 22)",3258.91,5.676
"(9, 23)",935.4,1.1224999999999998
"(9, 24)",3775.83,4.3565
"(9, 25)",2228.54,3.1113333333333335
"(9, 26)",3987.49,4.5921666666666665
"(9, 27)",6181.39,6.441999999999999
"(9, 28)",3141.85,5.441999999999999
"(9, 29)",3191.87,5.542
"(9, 30)",5945.54,6.229833333333334
"(9, 31)",3992.4,4.596666666666667
"(9, 32)",4687.92,5.326666666666667
"(9, 33)",1586.32,2.555
"(9, 34)",3582.97,5.209666666666666
"(9, 35)",2687.42,3.509333333333333
"(9, 36)",4028.78,4.630333333333333
"(9, 37)",16253.2,12.3605
"(9, 38)",2938.24,5.034833333333333
"(9, 39)",3212.32,5.030666666666666
"(9, 40)",2670.46,4.4991666666666665
"(9, 41)",4029.73,4.631166666666667
"(9, 42)",3680.43,4.659166666666667
"(9, 43)",2830.7,4.533833333333333
"(9, 44)",2864.7,4.887666666666666
"(9, 45)",19.69,0.023666666666666666
"(9, 46)",272.99,0.32749999999999996
"(9, 47)",6986.7,6.8545
"(9, 48)",3613.37,5.625166666666667
"(9, 49)",2830.7,4.533833333333333
"(9, 50)",4712.33,5.261333333333333
"(10, 0)",1770.12,4.405
"(10, 1)",25374.22,17.971999999999998
"(10, 2)",224.88,0.8995
"(10, 3)",1124.92,2.4631666666666665
"(10, 4)",3260.09,3.9105
"(10, 5)",2716.78,3.6101666666666667
"(10, 6)",1101.52,2.7186666666666666
"(10, 7)",966.93,2.2676666666666665
"(10, 8)",2901.86,3.6954999999999996
"(10, 9)",2728.54,4.125166666666667
"(10, 10)",0.0,0.0
"(10, 11)",1619.12,2.5056666666666665
"(10, 12)",1319.79,3.598
"(10, 13)",2600.66,3.9716666666666667
"(10, 14)",1981.12,4.827
"(10, 15)",4180.12,4.705166666666667
"(10, 16)",4816.79,5.063833333333333
"(10, 17)",1374.85,3.8181666666666665
"(10, 18)",902.02,2.4516666666666667
"(10, 19)",1421.69,3.3535
"(10, 20)",1314.08,3.030666666666667
"(10, 21)",3260.96,4.763999999999999
"(10, 22)",1844.89,4.5545
"(10, 23)",1793.14,3.0026666666666664
"(10, 24)",1614.55,2.5001666666666664
"(10, 25)",505.21,1.8743333333333332
"(10, 26)",1826.21,2.7359999999999998
"(10, 27)",4020.11,4.5858333333333325
"(10, 28)",1961.95,4.788666666666667
"(10, 29)",1911.93,4.688666666666666
"(10, 30)",3784.26,4.373666666666667
"(10, 31)",1831.11,2.7405
"(10, 32)",2526.63,3.470333333333333
"(10, 33)",1024.27,3.2186666666666666
"(10, 34)",1421.69,3.3535
"(10, 35)",526.13,1.6531666666666667
"(10, 36)",1867.5,2.7741666666666664
"(10, 37)",14091.92,10.504333333333333
"(10, 38)",2165.56,5.195833333333333
"(10, 39)",1417.35,3.9881666666666664
"(10, 40)",2433.34,5.7315
"(10, 41)",1868.45,2.775
"(10, 42)",2392.95,3.6766666666666663
"(10, 43)",102.16,0.4086666666666667
"(10, 44)",2239.1,5.343
"(10, 45)",2748.23,4.148833333333333
"(10, 46)",3001.53,4.452833333333333
"(10, 47)",4825.42,4.998333333333333
"(10, 48)",1452.09,3.7689999999999997
"(10, 49)",102.16,0.4086666666666667
"(10, 50)",2551.05,3.4050000000000002
"(11, 0)",1755.37,3.5751666666666666
"(11, 1)",23755.16,15.466333333333333
"(11, 2)",1784.32,2.7213333333333334
"(11, 3)",956.44,1.4796666666666667
"(11, 4)",1641.03,1.4046666666666667
"(11, 5)",1097.71,1.1044999999999998
"(11, 6)",2660.87,3.015333333333333
"(11, 7)",952.18,1.438
"(11, 8)",1282.8,1.1898333333333333
"(11, 9)",3780.4,4.362
"(11, 10)",1619.12,2.5056666666666665
"(11, 11)",0.0,0.0
"(11, 12)",2879.14,3.8946666666666667
"(11, 13)",3652.52,4.2085
"(11, 14)",1966.37,3.9971666666666668
"(11, 15)",2561.05,2.1995
"(11, 16)",3197.73,2.558
"(11, 17)",2934.2,4.115
"(11, 18)",2461.37,2.7483333333333335
"(11, 19)",719.14,1.8263333333333334
"(11, 20)",611.53,1.5034999999999998
"(11, 21)",4312.82,5.0008333333333335
"(11, 22)",1830.14,3.724833333333333
"(11, 23)",2845.01,3.2395
"(11, 24)",4.57,0.0055000000000000005
"(11, 25)",1992.92,2.3655
"(11, 26)",207.09,0.23033333333333333
"(11, 27)",2401.05,2.0801666666666665
"(11, 28)",1947.21,3.958833333333333
"(11, 29)",1897.18,3.858833333333333
"(11, 30)",2165.2,1.8678333333333332
"(11, 31)",211.99,0.23483333333333334
"(11, 32)",907.57,0.9646666666666667
"(11, 33)",2076.14,3.4555000000000002
"(11, 34)",719.14,1.8263333333333334
"(11, 35)",1304.15,1.6161666666666665
"(11, 36)",248.38,0.26833333333333337
"(11, 37)",12472.86,7.998666666666667
"(11, 38)",2150.81,4.366
"(11, 39)",2976.7,4.285
"(11, 40)",2418.6,4.901666666666667
"(11, 41)",249.33,0.26916666666666667
"(11, 42)",3444.82,3.9135
"(11, 43)",1721.29,2.9143333333333334
"(11, 44)",2224.35,4.513166666666667
"(11, 45)",3800.09,4.385666666666666
"(11, 46)",4053.4,4.6895
"(11, 47)",3206.36,2.4925
"(11, 48)",1437.34,2.9391666666666665
"(11, 49)",1721.29,2.9143333333333334
"(11, 50)",931.99,0.8993333333333333
"(12, 0)",3030.14,5.794
"(12, 1)",26634.24,19.361
"(12, 2)",1182.9,3.0505
"(12, 3)",2384.94,3.8521666666666667
"(12, 4)",4520.11,5.2995
"(12, 5)",3976.8,4.9991666666666665
"(12, 6)",223.75,0.8886666666666666
"(12, 7)",2226.95,3.6566666666666667
"(12, 8)",4161.88,5.0845
"(12, 9)",3114.76,4.640333333333333
"(12, 10)",1319.79,3.598
"(12, 11)",2879.14,3.8946666666666667
"(12, 12)",0.0,0.0
"(12, 13)",2986.88,4.487
"(12, 14)",3241.14,6.215999999999999
"(12, 15)",5440.14,6.094166666666666
"(12, 16)",6076.81,6.452833333333333
"(12, 17)",55.16,0.22066666666666668
"(12, 18)",417.77,1.1463333333333334
"(12, 19)",2681.71,4.7425
"(12, 20)",2574.1,4.419666666666667
"(12, 21)",3647.17,5.279333333333333
"(12, 22)",3104.91,5.9435
"(12, 23)",2179.36,3.5180000000000002
"(12, 24)",2874.57,3.8891666666666667
"(12, 25)",1067.56,2.2545
"(12, 26)",3086.23,4.125
"(12, 27)",5280.13,5.974833333333334
"(12, 28)",3221.97,6.177666666666667
"(12, 29)",3171.95,6.077666666666667
"(12, 30)",5044.28,5.762666666666666
"(12, 31)",3091.13,4.1295
"(12, 32)",3786.65,4.859333333333334
"(12, 33)",1954.84,3.791
"(12, 34)",2681.71,4.7425
"(12, 35)",1786.16,3.0421666666666667
"(12, 36)",3127.52,4.163166666666666
"(12, 37)",15351.94,11.893333333333334
"(12, 38)",3425.58,6.584833333333333
"(12, 39)",97.66,0.39066666666666666
"(12, 40)",3693.36,7.120333333333334
"(12, 41)",3128.47,4.164
"(12, 42)",956.03,1.9613333333333334
"(12, 43)",1193.88,3.3331666666666666
"(12, 44)",3499.12,6.732
"(12, 45)",3134.44,4.664
"(12, 46)",3387.75,4.968
"(12, 47)",6085.44,6.387333333333333
"(12, 48)",2712.11,5.158
"(12, 49)",1193.88,3.3331666666666666
"(12, 50)",3811.07,4.794
"(13, 0)",3461.56,5.979
"(13, 1)",27407.63,19.674833333333332
"(13, 2)",2469.08,3.8906666666666667
"(13, 3)",3158.32,4.166
"(13, 4)",5293.5,5.613166666666667
"(13, 5)",4750.18,5.313
"(13, 6)",2768.61,3.607666666666667
"(13, 7)",3000.33,3.9705
"(13, 8)",4935.26,5.3983333333333325
"(13, 9)",127.88,0.15350000000000003
"(13, 10)",2600.66,3.9716666666666667
"(13, 11)",3652.52,4.2085
"(13, 12)",2986.88,4.487
"(13, 13)",0.0,0.0
"(13, 14)",3250.57,5.557166666666666
"(13, 15)",6213.52,6.408
"(13, 16)",6850.2,6.7665
"(13, 17)",3041.94,4.707166666666667
"(13, 18)",2569.11,3.3406666666666665
"(13, 19)",3455.09,5.056333333333333
"(13, 20)",3347.48,4.733499999999999
"(13, 21)",660.3,0.7923333333333333
"(13, 22)",3386.79,5.8294999999999995
"(13, 23)",807.52,0.969
"(13, 24)",3647.96,4.203
"(13, 25)",2100.66,2.9578333333333333
"(13, 26)",3859.61,4.438833333333333
"(13, 27)",6053.51,6.288666666666667
"(13, 28)",3269.73,5.5955
"(13, 29)",3319.75,5.6955
"(13, 30)",5817.66,6.076333333333333
"(13, 31)",3864.52,4.443333333333333
"(13, 32)",4560.04,5.173166666666666
"(13, 33)",1458.44,2.4015
"(13, 34)",3455.09,5.056333333333333
"(13, 35)",2559.54,3.3560000000000003
"(13, 36)",3900.91,4.476833333333333
"(13, 37)",16125.32,12.207166666666666
"(13, 38)",3066.12,5.188166666666667
"(13, 39)",3084.44,4.877166666666667
"(13, 40)",2798.34,4.652666666666667
"(13, 41)",3901.85,4.477833333333334
"(13, 42)",3552.55,4.5056666666666665
"(13, 43)",2702.82,4.380333333333333
"(13, 44)",2992.58,5.041166666666667
"(13, 45)",147.57,0.177
"(13, 46)",400.87,0.481
"(13, 47)",6858.82,6.701
"(13, 48)",3485.49,5.4718333333333335
"(13, 49)",2702.82,4.380333333333333
"(13, 50)",4584.45,5.107833333333334
"(14, 0)",211.0,0.422
"(14, 1)",25721.47,19.4635
"(14, 2)",2146.32,5.042666666666666
"(14, 3)",1472.16,3.9546666666666668
"(14, 4)",3607.34,5.401833333333333
"(14, 5)",3064.02,5.101666666666667
"(14, 6)",3022.86,5.336666666666666
"(14, 7)",1014.19,2.559166666666667
"(14, 8)",3249.11,5.187
"(14, 9)",3122.69,5.403666666666667
"(14, 10)",1981.12,4.827
"(14, 11)",1966.37,3.9971666666666668
"(14, 12)",3241.14,6.215999999999999
"(14, 13)",3250.57,5.557166666666666
"(14, 14)",0.0,0.0
"(14, 15)",4527.36,6.196666666666667
"(14, 16)",5164.04,6.555166666666667
"(14, 17)",3296.2,6.436166666666667
"(14, 18)",2823.37,5.0696666666666665
"(14, 19)",1768.94,4.845
"(14, 20)",1661.32,4.522166666666666
"(14, 21)",2590.27,4.764833333333333
"(14, 22)",136.23,0.2723333333333333
"(14, 23)",3207.0,5.560666666666666
"(14, 24)",1961.8,3.9916666666666667
"(14, 25)",2354.91,4.6868333333333325
"(14, 26)",2173.46,4.2275
"(14, 27)",4367.36,6.077333333333333
"(14, 28)",19.16,0.03833333333333333
"(14, 29)",69.19,0.13833333333333334
"(14, 30)",4131.51,5.864999999999999
"(14, 31)",2178.36,4.231999999999999
"(14, 32)",2873.88,4.961833333333333
"(14, 33)",2438.13,5.776666666666667
"(14, 34)",1768.94,4.845
"(14, 35)",1666.15,3.9373333333333336
"(14, 36)",2214.75,4.2655
"(14, 37)",14439.17,11.995833333333334
"(14, 38)",184.45,0.3688333333333333
"(14, 39)",3338.69,6.606166666666667
"(14, 40)",452.23,0.9045000000000001
"(14, 41)",2215.69,4.2665
"(14, 42)",3806.81,6.234666666666667
"(14, 43)",2083.28,5.235666666666666
"(14, 44)",257.99,0.516
"(14, 45)",3103.0,5.38
"(14, 46)",2849.69,5.0761666666666665
"(14, 47)",5172.67,6.4896666666666665
"(14, 48)",529.03,1.0579999999999998
"(14, 49)",2083.28,5.235666666666666
"(14, 50)",2898.3,4.8965000000000005
"(15, 0)",2671.22,4.5360000000000005
"(15, 1)",23748.76,15.497666666666667
"(15, 2)",2700.18,3.682166666666667
"(15, 3)",1872.29,2.4405
"(15, 4)",1634.63,1.436
"(15, 5)",1091.31,1.1358333333333335
"(15, 6)",3576.72,3.9761666666666664
"(15, 7)",1868.03,2.3988333333333336
"(15, 8)",1276.39,1.2211666666666665
"(15, 9)",4696.26,5.3228333333333335
"(15, 10)",2534.97,3.4665
"(15, 11)",915.91,0.9608333333333333
"(15, 12)",3795.0,4.855499999999999
"(15, 13)",4568.38,5.169333333333333
"(15, 14)",2882.22,4.958
"(15, 15)",0.0,0.0
"(15, 16)",3191.33,2.5893333333333337
"(15, 17)",3850.06,5.075833333333334
"(15, 18)",3377.22,3.709166666666667
"(15, 19)",1634.99,2.7871666666666663
"(15, 20)",1527.38,2.4643333333333337
"(15, 21)",5228.67,5.961666666666666
"(15, 22)",2745.99,4.685666666666666
"(15, 23)",3760.86,4.200333333333333
"(15, 24)",920.48,0.9663333333333333
"(15, 25)",2908.77,3.3263333333333334
"(15, 26)",708.82,0.7304999999999999
"(15, 27)",2394.64,2.1115
"(15, 28)",2863.06,4.919666666666667
"(15, 29)",2813.03,4.8196666666666665
"(15, 30)",2158.79,1.8991666666666667
"(15, 31)",703.92,0.726
"(15, 32)",901.17,0.996
"(15, 33)",2991.99,4.416333333333333
"(15, 34)",1634.99,2.7871666666666663
"(15, 35)",2220.0,2.577
"(15, 36)",667.53,0.6924999999999999
"(15, 37)",12466.46,8.03
"(15, 38)",3066.67,5.326833333333333
"(15, 39)",3892.55,5.245666666666667
"(15, 40)",3334.45,5.8625
"(15, 41)",666.58,0.6916666666666667
"(15, 42)",4360.67,4.8743333333333325
"(15, 43)",2637.14,3.8751666666666664
"(15, 44)",3140.21,5.474
"(15, 45)",4715.94,5.346333333333333
"(15, 46)",4969.25,5.650333333333333
"(15, 47)",3199.95,2.5238333333333336
"(15, 48)",2353.19,3.9
"(15, 49)",2637.14,3.8751666666666664
"(15, 50)",925.58,0.9306666666666668
"(16, 0)",5244.05,6.348166666666667
"(16, 1)",25657.95,16.263333333333332
"(16, 2)",5273.01,5.4943333333333335
"(16, 3)",4445.12,4.2525
"(16, 4)",929.96,0.5579999999999999
"(16, 5)",3069.06,2.3985
"(16, 6)",6149.56,5.788333333333333
"(16, 7)",4440.87,4.210833333333333
"(16, 8)",571.72,0.34299999999999997
"(16, 9)",7269.09,7.134833333333333
"(16, 10)",5107.81,5.278666666666667
"(16, 11)",3488.74,2.7729999999999997
"(16, 12)",6367.83,6.667666666666666
"(16, 13)",7141.21,6.9815
"(16, 14)",5455.05,6.770166666666666
"(16, 15)",4463.85,2.9964999999999997
"(16, 16)",0.0,0.0
"(16, 17)",6422.89,6.887833333333333
"(16, 18)",5950.06,5.521333333333333
"(16, 19)",4207.82,4.599166666666666
"(16, 20)",4100.21,4.276333333333333
"(16, 21)",7801.51,7.773666666666667
"(16, 22)",5318.83,6.4976666666666665
"(16, 23)",6333.69,6.012333333333333
"(16, 24)",3493.31,2.7785
"(16, 25)",5481.61,5.1385
"(16, 26)",3281.66,2.542666666666667
"(16, 27)",4303.84,2.8771666666666667
"(16, 28)",5435.89,6.731833333333333
"(16, 29)",5385.87,6.631666666666666
"(16, 30)",1454.24,1.0211666666666668
"(16, 31)",3276.75,2.5381666666666667
"(16, 32)",196.5,0.11783333333333333
"(16, 33)",5564.82,6.2283333333333335
"(16, 34)",4207.82,4.599166666666666
"(16, 35)",4792.84,4.388999999999999
"(16, 36)",3240.36,2.5045
"(16, 37)",11761.9,7.151833333333333
"(16, 38)",5639.5,7.138999999999999
"(16, 39)",6465.39,7.057833333333334
"(16, 40)",5907.28,7.6745
"(16, 41)",3239.42,2.5036666666666667
"(16, 42)",6933.5,6.686333333333334
"(16, 43)",5209.97,5.687333333333333
"(16, 44)",5713.04,7.2860000000000005
"(16, 45)",7288.78,7.1585
"(16, 46)",7542.08,7.4624999999999995
"(16, 47)",2495.4,1.6458333333333333
"(16, 48)",4926.03,5.712166666666667
"(16, 49)",5209.97,5.687333333333333
"(16, 50)",2903.33,2.1935000000000002
"(17, 0)",3085.2,6.014166666666667
"(17, 1)",26689.3,19.581166666666665
"(17, 2)",1237.96,3.2706666666666666
"(17, 3)",2440.0,4.072333333333333
"(17, 4)",4575.17,5.519666666666667
"(17, 5)",4031.86,5.219333333333334
"(17, 6)",278.81,1.109
"(17, 7)",2282.01,3.8770000000000002
"(17, 8)",4216.94,5.304666666666666
"(17, 9)",3169.82,4.860666666666666
"(17, 10)",1374.85,3.8181666666666665
"(17, 11)",2934.2,4.115
"(17, 12)",55.16,0.22066666666666668
"(17, 13)",3041.94,4.707166666666667
"(17, 14)",3296.2,6.436166666666667
"(17, 15)",5495.2,6.314333333333334
"(17, 16)",6131.87,6.673
"(17, 17)",0.0,0.0
"(17, 18)",472.83,1.3666666666666667
"(17, 19)",2736.77,4.962666666666666
"(17, 20)",2629.16,4.639833333333333
"(17, 21)",3702.24,5.4995
"(17, 22)",3159.97,6.163833333333333
"(17, 23)",2234.42,3.7381666666666664
"(17, 24)",2929.63,4.1095
"(17, 25)",1122.62,2.4746666666666663
"(17, 26)",3141.29,4.345166666666667
"(17, 27)",5335.19,6.194999999999999
"(17, 28)",3277.03,6.397833333333334
"(17, 29)",3227.01,6.297833333333333
"(17, 30)",5099.34,5.982833333333334
"(17, 31)",3146.19,4.349666666666667
"(17, 32)",3841.71,5.079666666666666
"(17, 33)",2009.9,4.011166666666666
"(17, 34)",2736.77,4.962666666666666
"(17, 35)",1841.22,3.2623333333333333
"(17, 36)",3182.58,4.383333333333333
"(17, 37)",15407.0,12.113499999999998
"(17, 38)",3480.64,6.805
"(17, 39)",42.5,0.16999999999999998
"(17, 40)",3748.43,7.3406666666666665
"(17, 41)",3183.53,4.384166666666667
"(17, 42)",1011.09,2.1814999999999998
"(17, 43)",1248.94,3.5533333333333332
"(17, 44)",3554.18,6.952166666666667
"(17, 45)",3189.51,4.884166666666667
"(17, 46)",3442.81,5.188166666666667
"(17, 47)",6140.5,6.6075
"(17, 48)",2767.17,5.378166666666667
"(17, 49)",1248.94,3.5533333333333332
"(17, 50)",3866.13,5.014333333333333
"(18, 0)",2612.37,4.647666666666667
"(18, 1)",26216.47,18.21466666666667
"(18, 2)",765.13,1.904
"(18, 3)",1967.17,2.705833333333333
"(18, 4)",4102.34,4.1530000000000005
"(18, 5)",3559.03,3.852833333333333
"(18, 6)",199.5,0.267
"(18, 7)",1809.18,2.5103333333333335
"(18, 8)",3744.11,3.9381666666666666
"(18, 9)",2696.99,3.4939999999999998
"(18, 10)",902.02,2.4516666666666667
"(18, 11)",2461.37,2.7483333333333335
"(18, 12)",417.77,1.1463333333333334
"(18, 13)",2569.11,3.3406666666666665
"(18, 14)",2823.37,5.0696666666666665
"(18, 15)",5022.37,4.9478333333333335
"(18, 16)",5659.04,5.306333333333333
"(18, 17)",472.83,1.3666666666666667
"(18, 18)",0.0,0.0
"(18, 19)",2263.94,3.596166666666667
"(18, 20)",2156.33,3.2733333333333334
"(18, 21)",3229.4,4.133
"(18, 22)",2687.14,4.797166666666667
"(18, 23)",1761.59,2.3714999999999997
"(18, 24)",2456.8,2.742833333333333
"(18, 25)",649.79,1.1081666666666665
"(18, 26)",2668.46,2.978666666666667
"(18, 27)",4862.36,4.8285
"(18, 28)",2804.2,5.031333333333333
"(18, 29)",2754.18,4.931333333333333
"(18, 30)",4626.51,4.616166666666667
"(18, 31)",2673.36,2.983166666666667
"(18, 32)",3368.88,3.713
"(18, 33)",1537.07,2.6445
"(18, 34)",2263.94,3.596166666666667
"(18, 35)",1368.38,1.8958333333333333
"(18, 36)",2709.75,3.0166666666666666
"(18, 37)",14934.17,10.747
"(18, 38)",3007.81,5.4385
"(18, 39)",515.33,1.5365
"(18, 40)",3275.59,5.974
"(18, 41)",2710.7,3.0175
"(18, 42)",931.78,1.3396666666666666
"(18, 43)",776.11,2.1866666666666665
"(18, 44)",3081.35,5.5855
"(18, 45)",2716.67,3.5176666666666665
"(18, 46)",2969.98,3.8216666666666668
"(18, 47)",5667.67,5.240833333333333
"(18, 48)",2294.34,4.011666666666667
"(18, 49)",776.11,2.1866666666666665
"(18, 50)",3393.3,3.647666666666667
"(19, 0)",1557.94,4.423
"(19, 1)",24474.24,17.292666666666666
"(19, 2)",1586.89,3.569166666666667
"(19, 3)",412.87,1.2386666666666666
"(19, 4)",2360.11,3.2310000000000003
"(19, 5)",1816.79,2.9306666666666668
"(19, 6)",2463.44,3.8631666666666664
"(19, 7)",754.75,2.2856666666666663
"(19, 8)",2001.88,3.016
"(19, 9)",3582.97,5.209666666666666
"(19, 10)",1421.69,3.3535
"(19, 11)",719.14,1.8263333333333334
"(19, 12)",2681.71,4.7425
"(19, 13)",3455.09,5.056333333333333
"(19, 14)",1768.94,4.845
"(19, 15)",3280.13,4.025833333333334
"(19, 16)",3916.81,4.384333333333333
"(19, 17)",2736.77,4.962666666666666
"(19, 18)",2263.94,3.596166666666667
"(19, 19)",0.0,0.0
"(19, 20)",222.58,0.6676666666666667
"(19, 21)",4115.39,5.8486666666666665
"(19, 22)",1632.71,4.572500000000001
"(19, 23)",2647.58,4.0873333333333335
"(19, 24)",714.57,1.8208333333333333
"(19, 25)",1795.49,3.2133333333333334
"(19, 26)",926.23,2.0564999999999998
"(19, 27)",3120.13,3.906333333333333
"(19, 28)",1749.77,4.806666666666667
"(19, 29)",1699.75,4.7065
"(19, 30)",2884.28,3.694166666666667
"(19, 31)",931.13,2.061166666666667
"(19, 32)",1626.65,2.791
"(19, 33)",1878.7,4.303166666666667
"(19, 34)",0.0,0.0
"(19, 35)",1106.72,2.4638333333333335
"(19, 36)",967.52,2.094666666666667
"(19, 37)",13191.94,9.824833333333334
"(19, 38)",1953.38,5.213833333333333
"(19, 39)",2779.27,5.132666666666666
"(19, 40)",2221.16,5.7493333333333325
"(19, 41)",968.46,2.0955
"(19, 42)",3247.38,4.761166666666667
"(19, 43)",1523.85,3.7621666666666664
"(19, 44)",2026.92,5.360833333333333
"(19, 45)",3602.66,5.233333333333333
"(19, 46)",3855.97,5.537333333333334
"(19, 47)",3925.44,4.318833333333333
"(19, 48)",1239.91,3.787
"(19, 49)",1523.85,3.7621666666666664
"(19, 50)",1651.07,2.7256666666666667
"(20, 0)",1450.32,4.1001666666666665
"(20, 1)",24366.63,16.969666666666665
"(20, 2)",1479.28,3.246166666666667
"(20, 3)",305.26,0.9156666666666666
"(20, 4)",2252.5,2.908166666666667
"(20, 5)",1709.18,2.6078333333333332
"(20, 6)",2355.82,3.540333333333333
"(20, 7)",647.14,1.9628333333333332
"(20, 8)",1894.26,2.6931666666666665
"(20, 9)",3475.36,4.886833333333333
"(20, 10)",1314.08,3.030666666666667
"(20, 11)",611.53,1.5034999999999998
"(20, 12)",2574.1,4.419666666666667
"(20, 13)",3347.48,4.733499999999999
"(20, 14)",1661.32,4.522166666666666
"(20, 15)",3172.52,3.703
"(20, 16)",3809.2,4.0615
"(20, 17)",2629.16,4.639833333333333
"(20, 18)",2156.33,3.2733333333333334
"(20, 19)",222.58,0.6676666666666667
"(20, 20)",0.0,0.0
"(20, 21)",4007.78,5.525666666666667
"(20, 22)",1525.1,4.249666666666666
"(20, 23)",2539.96,3.7643333333333335
"(20, 24)",606.96,1.498
"(20, 25)",1687.88,2.8905000000000003
"(20, 26)",818.61,1.7336666666666665
"(20, 27)",3012.51,3.5835
"(20, 28)",1642.16,4.483833333333333
"(20, 29)",1592.14,4.383666666666667
"(20, 30)",2776.66,3.3713333333333333
"(20, 31)",823.52,1.7381666666666666
"(20, 32)",1519.04,2.468166666666667
"(20, 33)",1771.09,3.9803333333333333
"(20, 34)",222.58,0.6676666666666667
"(20, 35)",999.11,2.141
"(20, 36)",859.91,1.7718333333333334
"(20, 37)",13084.33,9.502
"(20, 38)",1845.77,4.891
"(20, 39)",2671.66,4.809833333333333
"(20, 40)",2113.55,5.4265
"(20, 41)",860.85,1.7726666666666666
"(20, 42)",3139.77,4.4383333333333335
"(20, 43)",1416.24,3.4393333333333334
"(20, 44)",1919.31,5.037999999999999
"(20, 45)",3495.04,4.9105
"(20, 46)",3748.35,5.2145
"(20, 47)",3817.82,3.996
"(20, 48)",1132.3,3.4641666666666664
"(20, 49)",1416.24,3.4393333333333334
"(20, 50)",1543.45,2.402833333333333
"(21, 0)",2801.27,5.1866666666666665
"(21, 1)",28067.92,20.467166666666667
"(21, 2)",3129.38,4.683
"(21, 3)",3818.62,4.958333333333333
"(21, 4)",5953.79,6.4055
"(21, 5)",5410.48,6.105333333333333
"(21, 6)",3428.9,4.4
"(21, 7)",3660.63,4.762833333333333
"(21, 8)",5595.56,6.190666666666667
"(21, 9)",532.42,0.6388333333333333
"(21, 10)",3260.96,4.763999999999999
"(21, 11)",4312.82,5.0008333333333335
"(21, 12)",3647.17,5.279333333333333
"(21, 13)",660.3,0.7923333333333333
"(21, 14)",2590.27,4.764833333333333
"(21, 15)",6873.82,7.200333333333333
"(21, 16)",7510.49,7.558833333333332
"(21, 17)",3702.24,5.4995
"(21, 18)",3229.4,4.133
"(21, 19)",4115.39,5.8486666666666665
"(21, 20)",4007.78,5.525666666666667
"(21, 21)",0.0,0.0
"(21, 22)",2726.5,5.037166666666667
"(21, 23)",1467.81,1.7613333333333334
"(21, 24)",4308.25,4.995333333333334
"(21, 25)",2760.95,3.7501666666666664
"(21, 26)",4519.91,5.231166666666667
"(21, 27)",6713.81,7.081
"(21, 28)",2609.43,4.803166666666667
"(21, 29)",2659.46,4.9031666666666665
"(21, 30)",6477.96,6.868666666666667
"(21, 31)",4524.81,5.235666666666666
"(21, 32)",5220.33,5.9655000000000005
"(21, 33)",2118.73,3.193833333333333
"(21, 34)",4115.39,5.8486666666666665
"(21, 35)",3219.83,4.148333333333333
"(21, 36)",4561.2,5.269166666666666
"(21, 37)",16785.62,12.9995
"(21, 38)",2405.82,4.395833333333333
"(21, 39)",3744.73,5.6695
"(21, 40)",2138.04,3.860333333333333
"(21, 41)",4562.15,5.27
"(21, 42)",4212.85,5.298
"(21, 43)",3363.12,5.172666666666667
"(21, 44)",2332.28,4.248833333333334
"(21, 45)",512.73,0.6153333333333334
"(21, 46)",259.42,0.31133333333333335
"(21, 47)",7519.12,7.493333333333333
"(21, 48)",3119.29,5.8228333333333335
"(21, 49)",3363.12,5.172666666666667
"(21, 50)",5244.75,5.900166666666666
"(22, 0)",74.77,0.14950000000000002
"(22, 1)",25585.24,19.191
"(22, 2)",2010.09,4.770166666666666
"(22, 3)",1335.94,3.682166666666667
"(22, 4)",3471.11,5.129499999999999
"(22, 5)",2927.8,4.829166666666667
"(22, 6)",2886.64,5.064166666666667
"(22, 7)",877.96,2.2868333333333335
"(22, 8)",3112.88,4.9145
"(22, 9)",3258.91,5.676
"(22, 10)",1844.89,4.5545
"(22, 11)",1830.14,3.724833333333333
"(22, 12)",3104.91,5.9435
"(22, 13)",3386.79,5.8294999999999995
"(22, 14)",136.23,0.2723333333333333
"(22, 15)",4391.14,5.924166666666666
"(22, 16)",5027.81,6.2828333333333335
"(22, 17)",3159.97,6.163833333333333
"(22, 18)",2687.14,4.797166666666667
"(22, 19)",1632.71,4.572500000000001
"(22, 20)",1525.1,4.249666666666666
"(22, 21)",2726.5,5.037166666666667
"(22, 22)",0.0,0.0
"(22, 23)",3070.78,5.288333333333333
"(22, 24)",1825.57,3.719333333333333
"(22, 25)",2218.69,4.414333333333333
"(22, 26)",2037.23,3.955
"(22, 27)",4231.13,5.804833333333334
"(22, 28)",117.06,0.23416666666666666
"(22, 29)",67.04,0.13399999999999998
"(22, 30)",3995.28,5.592666666666666
"(22, 31)",2042.13,3.9595
"(22, 32)",2737.65,4.6895
"(22, 33)",2301.9,5.504333333333333
"(22, 34)",1632.71,4.572500000000001
"(22, 35)",1529.92,3.665
"(22, 36)",2078.52,3.9931666666666668
"(22, 37)",14302.94,11.723333333333333
"(22, 38)",320.67,0.6413333333333333
"(22, 39)",3202.47,6.333666666666666
"(22, 40)",588.46,1.1768333333333334
"(22, 41)",2079.47,3.9939999999999998
"(22, 42)",3670.58,5.9623333333333335
"(22, 43)",1947.05,4.963166666666667
"(22, 44)",394.21,0.7883333333333333
"(22, 45)",3239.23,5.6525
"(22, 46)",2985.92,5.3485000000000005
"(22, 47)",5036.44,6.217333333333333
"(22, 48)",392.8,0.7855000000000001
"(22, 49)",1947.05,4.963166666666667
"(22, 50)",2762.07,4.6241666666666665
"(23, 0)",2996.0,5.138833333333333
"(23, 1)",26600.11,18.70583333333333
"(23, 2)",1661.57,2.9215
"(23, 3)",2350.8,3.197
"(23, 4)",4485.98,4.644166666666666
"(23, 5)",3942.66,4.343999999999999
"(23, 6)",1961.09,2.6386666666666665
"(23, 7)",2192.82,3.0015
"(23, 8)",4127.75,4.429333333333333
"(23, 9)",935.4,1.1224999999999998
"(23, 10)",1793.14,3.0026666666666664
"(23, 11)",2845.01,3.2395
"(23, 12)",2179.36,3.5180000000000002
"(23, 13)",807.52,0.969
"(23, 14)",3207.0,5.560666666666666
"(23, 15)",5406.0,5.438999999999999
"(23, 16)",6042.68,5.7975
"(23, 17)",2234.42,3.7381666666666664
"(23, 18)",1761.59,2.3714999999999997
"(23, 19)",2647.58,4.0873333333333335
"(23, 20)",2539.96,3.7643333333333335
"(23, 21)",1467.81,1.7613333333333334
"(23, 22)",3070.78,5.288333333333333
"(23, 23)",0.0,0.0
"(23, 24)",2840.44,3.234
"(23, 25)",1293.14,1.9888333333333332
"(23, 26)",3052.1,3.4698333333333333
"(23, 27)",5246.0,5.319500000000001
"(23, 28)",3187.84,5.5225
"(23, 29)",3137.82,5.422333333333333
"(23, 30)",5010.15,5.107333333333333
"(23, 31)",3057.0,3.4743333333333335
"(23, 32)",3752.52,4.204166666666667
"(23, 33)",650.92,1.4325
"(23, 34)",2647.58,4.0873333333333335
"(23, 35)",1752.02,2.387
"(23, 36)",3093.39,3.507833333333333
"(23, 37)",15317.81,11.238166666666666
"(23, 38)",3391.45,5.929666666666666
"(23, 39)",2276.92,3.908166666666667
"(23, 40)",3605.85,5.621666666666667
"(23, 41)",3094.34,3.5086666666666666
"(23, 42)",2745.04,3.5366666666666666
"(23, 43)",1895.31,3.4113333333333333
"(23, 44)",3800.1,6.010166666666667
"(23, 45)",955.08,1.1460000000000001
"(23, 46)",1208.39,1.45
"(23, 47)",6051.31,5.732
"(23, 48)",2677.98,4.502833333333333
"(23, 49)",1895.31,3.4113333333333333
"(23, 50)",3776.94,4.138833333333333
"(24, 0)",1750.8,3.5696666666666665
"(24, 1)",23759.73,15.471833333333333
"(24, 2)",1779.75,2.7158333333333333
"(24, 3)",951.87,1.4741666666666666
"(24, 4)",1645.6,1.4101666666666666
"(24, 5)",1102.28,1.1099999999999999
"(24, 6)",2656.3,3.0098333333333334
"(24, 7)",947.61,1.4325
"(24, 8)",1287.37,1.1953333333333334
"(24, 9)",3775.83,4.3565
"(24, 10)",1614.55,2.5001666666666664
"(24, 11)",4.57,0.0055000000000000005
"(24, 12)",2874.57,3.8891666666666667
"(24, 13)",3647.96,4.203
"(24, 14)",1961.8,3.9916666666666667
"(24, 15)",2565.62,2.205
"(24, 16)",3202.3,2.5635
"(24, 17)",2929.63,4.1095
"(24, 18)",2456.8,2.742833333333333
"(24, 19)",714.57,1.8208333333333333
"(24, 20)",606.96,1.498
"(24, 21)",4308.25,4.995333333333334
"(24, 22)",1825.57,3.719333333333333
"(24, 23)",2840.44,3.234
"(24, 24)",0.0,0.0
"(24, 25)",1988.35,2.36
"(24, 26)",211.66,0.23583333333333334
"(24, 27)",2405.62,2.0856666666666666
"(24, 28)",1942.64,3.953333333333333
"(24, 29)",1892.61,3.853333333333333
"(24, 30)",2169.77,1.8733333333333333
"(24, 31)",216.56,0.24033333333333332
"(24, 32)",912.14,0.9701666666666666
"(24, 33)",2071.57,3.4499999999999997
"(24, 34)",714.57,1.8208333333333333
"(24, 35)",1299.58,1.6106666666666667
"(24, 36)",252.95,0.2738333333333333
"(24, 37)",12477.43,8.004166666666666
"(24, 38)",2146.24,4.360666666666666
"(24, 39)",2972.13,4.2795
"(24, 40)",2414.03,4.896166666666666
"(24, 41)",253.9,0.27466666666666667
"(24, 42)",3440.25,3.908
"(24, 43)",1716.72,2.9088333333333334
"(24, 44)",2219.78,4.507666666666666
"(24, 45)",3795.52,4.380166666666667
"(24, 46)",4048.83,4.684
"(24, 47)",3210.93,2.4979999999999998
"(24, 48)",1432.77,2.933666666666667
"(24, 49)",1716.72,2.9088333333333334
"(24, 50)",936.56,0.9048333333333333
"(25, 0)",2143.91,4.264833333333333
"(25, 1)",25748.02,17.831833333333336
"(25, 2)",368.33,1.3268333333333333
"(25, 3)",1498.72,2.323
"(25, 4)",3633.89,3.7703333333333333
"(25, 5)",3090.58,3.4699999999999998
"(25, 6)",849.29,1.3751666666666666
"(25, 7)",1340.73,2.1275
"(25, 8)",3275.66,3.555333333333333
"(25, 9)",2228.54,3.1113333333333335
"(25, 10)",505.21,1.8743333333333332
"(25, 11)",1992.92,2.3655
"(25, 12)",1067.56,2.2545
"(25, 13)",2100.66,2.9578333333333333
"(25, 14)",2354.91,4.6868333333333325
"(25, 15)",4553.92,4.5649999999999995
"(25, 16)",5190.59,4.923666666666667
"(25, 17)",1122.62,2.4746666666666663
"(25, 18)",649.79,1.1081666666666665
"(25, 19)",1795.49,3.2133333333333334
"(25, 20)",1687.88,2.8905000000000003
"(25, 21)",2760.95,3.7501666666666664
"(25, 22)",2218.69,4.414333333333333
"(25, 23)",1293.14,1.9888333333333332
"(25, 24)",1988.35,2.36
"(25, 25)",0.0,0.0
"(25, 26)",2200.01,2.595833333333333
"(25, 27)",4393.91,4.445666666666667
"(25, 28)",2335.75,4.6485
"(25, 29)",2285.73,4.548500000000001
"(25, 30)",4158.06,4.233499999999999
"(25, 31)",2204.91,2.6003333333333334
"(25, 32)",2900.43,3.3301666666666665
"(25, 33)",1068.62,2.2618333333333336
"(25, 34)",1795.49,3.2133333333333334
"(25, 35)",899.93,1.513
"(25, 36)",2241.3,2.634
"(25, 37)",14465.72,10.364166666666668
"(25, 38)",2539.36,5.055666666666666
"(25, 39)",1165.12,2.6446666666666667
"(25, 40)",2807.14,5.591333333333334
"(25, 41)",2242.25,2.6348333333333334
"(25, 42)",1636.85,2.364
"(25, 43)",607.38,2.283
"(25, 44)",2612.9,5.202833333333333
"(25, 45)",2248.22,3.1348333333333334
"(25, 46)",2501.53,3.4388333333333336
"(25, 47)",5199.22,4.8581666666666665
"(25, 48)",1825.89,3.628833333333333
"(25, 49)",607.38,2.283
"(25, 50)",2924.85,3.2648333333333333
"(26, 0)",1962.46,3.8055000000000003
"(26, 1)",23548.07,15.235999999999999
"(26, 2)",1991.41,2.9516666666666667
"(26, 3)",1163.53,1.71
"(26, 4)",1433.94,1.1744999999999999
"(26, 5)",890.63,0.8741666666666666
"(26, 6)",2867.96,3.2456666666666667
"(26, 7)",1159.27,1.6681666666666668
"(26, 8)",1075.71,0.9595
"(26, 9)",3987.49,4.5921666666666665
"(26, 10)",1826.21,2.7359999999999998
"(26, 11)",207.09,0.23033333333333333
"(26, 12)",3086.23,4.125
"(26, 13)",3859.61,4.438833333333333
"(26, 14)",2173.46,4.2275
"(26, 15)",2353.96,1.9691666666666667
"(26, 16)",2990.64,2.327833333333333
"(26, 17)",3141.29,4.345166666666667
"(26, 18)",2668.46,2.978666666666667
"(26, 19)",926.23,2.0564999999999998
"(26, 20)",818.61,1.7336666666666665
"(26, 21)",4519.91,5.231166666666667
"(26, 22)",2037.23,3.955
"(26, 23)",3052.1,3.4698333333333333
"(26, 24)",211.66,0.23583333333333334
"(26, 25)",2200.01,2.595833333333333
"(26, 26)",0.0,0.0
"(26, 27)",2193.96,1.8498333333333332
"(26, 28)",2154.29,4.189166666666667
"(26, 29)",2104.27,4.089166666666666
"(26, 30)",1958.11,1.6376666666666668
"(26, 31)",4.9,0.0045000000000000005
"(26, 32)",700.48,0.7343333333333334
"(26, 33)",2283.22,3.685666666666666
"(26, 34)",926.23,2.0564999999999998
"(26, 35)",1511.24,1.8463333333333334
"(26, 36)",41.29,0.03816666666666667
"(26, 37)",12265.77,7.7683333333333335
"(26, 38)",2357.9,4.596333333333333
"(26, 39)",3183.79,4.515166666666667
"(26, 40)",2625.69,5.131833333333334
"(26, 41)",42.24,0.039
"(26, 42)",3651.9,4.143666666666666
"(26, 43)",1928.37,3.1446666666666667
"(26, 44)",2431.44,4.743333333333334
"(26, 45)",4007.18,4.615833333333333
"(26, 46)",4260.49,4.919833333333333
"(26, 47)",2999.27,2.2623333333333333
"(26, 48)",1644.43,3.1694999999999998
"(26, 49)",1928.37,3.1446666666666667
"(26, 50)",724.9,0.6691666666666667
"(27, 0)",2831.23,4.6555
"(27, 1)",23908.76,15.616999999999999
"(27, 2)",2860.18,3.8015
"(27, 3)",2032.3,2.559833333333333
"(27, 4)",1726.27,1.0356666666666667
"(27, 5)",1251.32,1.2551666666666668
"(27, 6)",3736.73,4.0954999999999995
"(27, 7)",2028.04,2.5181666666666667
"(27, 8)",1368.04,0.8206666666666667
"(27, 9)",4856.26,5.442166666666666
"(27, 10)",2694.98,3.586
"(27, 11)",1075.92,1.0801666666666667
"(27, 12)",3955.0,4.974833333333334
"(27, 13)",4728.38,5.288666666666667
"(27, 14)",3042.23,5.077333333333333
"(27, 15)",160.01,0.11933333333333333
"(27, 16)",796.68,0.478
"(27, 17)",4010.06,5.195166666666666
"(27, 18)",3537.23,3.8285
"(27, 19)",1795.0,2.9065
"(27, 20)",1687.38,2.583666666666667
"(27, 21)",5388.68,6.081
"(27, 22)",2906.0,4.805
"(27, 23)",3920.87,4.3196666666666665
"(27, 24)",1080.49,1.0856666666666666
"(27, 25)",3068.78,3.4458333333333333
"(27, 26)",868.83,0.85
"(27, 27)",0.0,0.0
"(27, 28)",3023.06,5.039
"(27, 29)",2973.04,4.938999999999999
"(27, 30)",2250.55,1.4988333333333335
"(27, 31)",863.93,0.8454999999999999
"(27, 32)",992.81,0.5956666666666667
"(27, 33)",3151.99,4.535666666666667
"(27, 34)",1795.0,2.9065
"(27, 35)",2380.01,2.6963333333333335
"(27, 36)",827.54,0.8118333333333333
"(27, 37)",12558.21,7.629666666666666
"(27, 38)",3226.67,5.446333333333333
"(27, 39)",4052.56,5.365166666666667
"(27, 40)",3494.45,5.981833333333333
"(27, 41)",826.59,0.8109999999999999
"(27, 42)",4520.67,4.993666666666667
"(27, 43)",2797.14,3.994666666666667
"(27, 44)",3300.21,5.593333333333334
"(27, 45)",4875.95,5.465833333333333
"(27, 46)",5129.26,5.769666666666667
"(27, 47)",3291.71,2.1235
"(27, 48)",2513.2,4.019333333333333
"(27, 49)",2797.14,3.994666666666667
"(27, 50)",1085.59,1.05
"(28, 0)",191.84,0.38366666666666666
"(28, 1)",25702.31,19.425166666666666
"(28, 2)",2127.15,5.004333333333333
"(28, 3)",1453.0,3.916333333333333
"(28, 4)",3588.18,5.363666666666666
"(28, 5)",3044.86,5.0633333333333335
"(28, 6)",3003.7,5.298333333333333
"(28, 7)",995.02,2.521
"(28, 8)",3229.94,5.148666666666667
"(28, 9)",3141.85,5.441999999999999
"(28, 10)",1961.95,4.788666666666667
"(28, 11)",1947.21,3.958833333333333
"(28, 12)",3221.97,6.177666666666667
"(28, 13)",3269.73,5.5955
"(28, 14)",19.16,0.03833333333333333
"(28, 15)",4508.2,6.158333333333333
"(28, 16)",5144.88,6.5169999999999995
"(28, 17)",3277.03,6.397833333333334
"(28, 18)",2804.2,5.031333333333333
"(28, 19)",1749.77,4.806666666666667
"(28, 20)",1642.16,4.483833333333333
"(28, 21)",2609.43,4.803166666666667
"(28, 22)",117.06,0.23416666666666666
"(28, 23)",3187.84,5.5225
"(28, 24)",1942.64,3.953333333333333
"(28, 25)",2335.75,4.6485
"(28, 26)",2154.29,4.189166666666667
"(28, 27)",4348.19,6.039
"(28, 28)",0.0,0.0
"(28, 29)",50.02,0.1
"(28, 30)",4112.34,5.826833333333333
"(28, 31)",2159.2,4.193666666666667
"(28, 32)",2854.72,4.923500000000001
"(28, 33)",2418.97,5.738333333333333
"(28, 34)",1749.77,4.806666666666667
"(28, 35)",1646.98,3.899
"(28, 36)",2195.59,4.227166666666666
"(28, 37)",14420.0,11.957500000000001
"(28, 38)",203.61,0.4071666666666667
"(28, 39)",3319.53,6.567833333333333
"(28, 40)",471.39,0.9426666666666667
"(28, 41)",2196.53,4.228166666666667
"(28, 42)",3787.65,6.196333333333333
"(28, 43)",2064.12,5.197333333333333
"(28, 44)",277.15,0.5543333333333333
"(28, 45)",3122.16,5.418333333333334
"(28, 46)",2868.85,5.114333333333334
"(28, 47)",5153.5,6.451333333333333
"(28, 48)",509.86,1.0196666666666667
"(28, 49)",2064.12,5.197333333333333
"(28, 50)",2879.13,4.8581666666666665
"(29, 0)",141.81,0.2836666666666667
"(29, 1)",25652.28,19.325166666666668
"(29, 2)",2077.13,4.904333333333333
"(29, 3)",1402.98,3.816333333333333
"(29, 4)",3538.15,5.2635
"(29, 5)",2994.84,4.963333333333334
"(29, 6)",2953.68,5.198333333333333
"(29, 7)",945.0,2.4208333333333334
"(29, 8)",3179.92,5.048666666666667
"(29, 9)",3191.87,5.542
"(29, 10)",1911.93,4.688666666666666
"(29, 11)",1897.18,3.858833333333333
"(29, 12)",3171.95,6.077666666666667
"(29, 13)",3319.75,5.6955
"(29, 14)",69.19,0.13833333333333334
"(29, 15)",4458.18,6.058333333333334
"(29, 16)",5094.85,6.416833333333333
"(29, 17)",3227.01,6.297833333333333
"(29, 18)",2754.18,4.931333333333333
"(29, 19)",1699.75,4.7065
"(29, 20)",1592.14,4.383666666666667
"(29, 21)",2659.46,4.9031666666666665
"(29, 22)",67.04,0.13399999999999998
"(29, 23)",3137.82,5.422333333333333
"(29, 24)",1892.61,3.853333333333333
"(29, 25)",2285.73,4.548500000000001
"(29, 26)",2104.27,4.089166666666666
"(29, 27)",4298.17,5.938833333333333
"(29, 28)",50.02,0.1
"(29, 29)",0.0,0.0
"(29, 30)",4062.32,5.726666666666667
"(29, 31)",2109.17,4.093666666666667
"(29, 32)",2804.69,4.8235
"(29, 33)",2368.94,5.638333333333334
"(29, 34)",1699.75,4.7065
"(29, 35)",1596.96,3.799
"(29, 36)",2145.56,4.127166666666667
"(29, 37)",14369.98,11.8575
"(29, 38)",253.63,0.5071666666666667
"(29, 39)",3269.51,6.467833333333333
"(29, 40)",521.41,1.0428333333333333
"(29, 41)",2146.51,4.128
"(29, 42)",3737.62,6.096333333333333
"(29, 43)",2014.09,5.097333333333333
"(29, 44)",327.17,0.6543333333333333
"(29, 45)",3172.19,5.5183333333333335
"(29, 46)",2918.88,5.2145
"(29, 47)",5103.48,6.351333333333333
"(29, 48)",459.84,0.9196666666666666
"(29, 49)",2014.09,5.097333333333333
"(29, 50)",2829.11,4.758166666666667
"(30, 0)",3789.88,5.327
"(30, 1)",24203.9,15.242333333333333
"(30, 2)",3818.84,4.473166666666667
"(30, 3)",2990.95,3.2314999999999996
"(30, 4)",2753.29,2.227
"(30, 5)",1614.89,1.3775000000000002
"(30, 6)",4695.38,4.767166666666666
"(30, 7)",2986.69,3.1896666666666667
"(30, 8)",2395.05,2.012166666666667
"(30, 9)",5814.92,6.113833333333333
"(30, 10)",3653.64,4.257499999999999
"(30, 11)",2034.57,1.7518333333333334
"(30, 12)",4913.66,5.6465000000000005
"(30, 13)",5687.04,5.960333333333334
"(30, 14)",4000.88,5.749
"(30, 15)",3009.79,1.9755
"(30, 16)",3646.47,2.3339999999999996
"(30, 17)",4968.72,5.866666666666666
"(30, 18)",4495.89,4.500166666666667
"(30, 19)",2753.65,3.5781666666666667
"(30, 20)",2646.04,3.255333333333333
"(30, 21)",6347.33,6.752666666666667
"(30, 22)",3864.66,5.4765
"(30, 23)",4879.52,4.991333333333333
"(30, 24)",2039.14,1.7573333333333332
"(30, 25)",4027.43,4.117333333333333
"(30, 26)",1827.48,1.5215
"(30, 27)",2849.79,1.8559999999999999
"(30, 28)",3981.72,5.710666666666667
"(30, 29)",3931.7,5.610666666666666
"(30, 30)",0.0,0.0
"(30, 31)",1822.58,1.517
"(30, 32)",2019.83,1.787
"(30, 33)",4110.65,5.207333333333334
"(30, 34)",2753.65,3.5781666666666667
"(30, 35)",3338.67,3.367833333333333
"(30, 36)",1786.19,1.4835
"(30, 37)",13585.12,8.821
"(30, 38)",4185.33,6.1178333333333335
"(30, 39)",5011.22,6.036666666666666
"(30, 40)",4453.11,6.653333333333333
"(30, 41)",1785.25,1.4826666666666666
"(30, 42)",5479.33,5.665333333333334
"(30, 43)",3755.8,4.666166666666667
"(30, 44)",4258.87,6.265
"(30, 45)",5834.6,6.137333333333333
"(30, 46)",6087.91,6.441333333333334
"(30, 47)",1041.23,0.6246666666666666
"(30, 48)",3471.86,4.691
"(30, 49)",3755.8,4.666166666666667
"(30, 50)",1449.16,1.1723333333333334
"(31, 0)",1967.36,3.81
"(31, 1)",23543.17,15.231499999999999
"(31, 2)",1996.31,2.956166666666667
"(31, 3)",1168.43,1.7145000000000001
"(31, 4)",1429.04,1.17
"(31, 5)",885.72,0.8696666666666667
"(31, 6)",2872.86,3.2501666666666664
"(31, 7)",1164.17,1.6726666666666665
"(31, 8)",1070.8,0.955
"(31, 9)",3992.4,4.596666666666667
"(31, 10)",1831.11,2.7405
"(31, 11)",211.99,0.23483333333333334
"(31, 12)",3091.13,4.1295
"(31, 13)",3864.52,4.443333333333333
"(31, 14)",2178.36,4.231999999999999
"(31, 15)",2349.06,1.9646666666666666
"(31, 16)",2985.74,2.3233333333333333
"(31, 17)",3146.19,4.349666666666667
"(31, 18)",2673.36,2.983166666666667
"(31, 19)",931.13,2.061166666666667
"(31, 20)",823.52,1.7381666666666666
"(31, 21)",4524.81,5.235666666666666
"(31, 22)",2042.13,3.9595
"(31, 23)",3057.0,3.4743333333333335
"(31, 24)",216.56,0.24033333333333332
"(31, 25)",2204.91,2.6003333333333334
"(31, 26)",4.9,0.0045000000000000005
"(31, 27)",2189.06,1.8453333333333333
"(31, 28)",2159.2,4.193666666666667
"(31, 29)",2109.17,4.093666666666667
"(31, 30)",1953.21,1.6331666666666667
"(31, 31)",0.0,0.0
"(31, 32)",695.58,0.7298333333333333
"(31, 33)",2288.13,3.6901666666666664
"(31, 34)",931.13,2.061166666666667
"(31, 35)",1516.14,1.8508333333333333
"(31, 36)",36.39,0.033666666666666664
"(31, 37)",12260.87,7.763833333333333
"(31, 38)",2362.8,4.600833333333333
"(31, 39)",3188.69,4.519666666666667
"(31, 40)",2630.59,5.136333333333333
"(31, 41)",37.34,0.034499999999999996
"(31, 42)",3656.81,4.148166666666667
"(31, 43)",1933.28,3.1491666666666664
"(31, 44)",2436.34,4.748
"(31, 45)",4012.08,4.620333333333334
"(31, 46)",4265.39,4.924333333333333
"(31, 47)",2994.37,2.257833333333333
"(31, 48)",1649.33,3.174
"(31, 49)",1933.28,3.1491666666666664
"(31, 50)",720.0,0.6645
"(32, 0)",5047.56,6.230333333333333
"(32, 1)",25461.46,16.1455
"(32, 2)",5076.52,5.376333333333333
"(32, 3)",4248.63,4.134666666666667
"(32, 4)",733.46,0.43999999999999995
"(32, 5)",2872.57,2.280666666666667
"(32, 6)",5953.06,5.670333333333334
"(32, 7)",4244.37,4.093
"(32, 8)",375.23,0.22516666666666665
"(32, 9)",7072.6,7.0169999999999995
"(32, 10)",4911.32,5.160833333333333
"(32, 11)",3292.25,2.6550000000000002
"(32, 12)",6171.34,6.549666666666667
"(32, 13)",6944.72,6.8635
"(32, 14)",5258.56,6.652166666666666
"(32, 15)",4267.35,2.8786666666666667
"(32, 16)",4904.03,3.2371666666666665
"(32, 17)",6226.4,6.77
"(32, 18)",5753.57,5.403333333333333
"(32, 19)",4011.33,4.481333333333334
"(32, 20)",3903.72,4.1585
"(32, 21)",7605.01,7.655833333333334
"(32, 22)",5122.33,6.379833333333334
"(32, 23)",6137.2,5.8945
"(32, 24)",3296.82,2.6605
"(32, 25)",5285.11,5.020666666666667
"(32, 26)",3085.16,2.4248333333333334
"(32, 27)",4107.35,2.7591666666666668
"(32, 28)",5239.4,6.613833333333333
"(32, 29)",5189.38,6.513833333333333
"(32, 30)",1257.74,0.9033333333333333
"(32, 31)",3080.26,2.4203333333333332
"(32, 32)",0.0,0.0
"(32, 33)",5368.33,6.1105
"(32, 34)",4011.33,4.481333333333334
"(32, 35)",4596.35,4.271166666666666
"(32, 36)",3043.87,2.3866666666666663
"(32, 37)",11565.41,7.034
"(32, 38)",5443.01,7.021166666666666
"(32, 39)",6268.9,6.9399999999999995
"(32, 40)",5710.79,7.556666666666666
"(32, 41)",3042.93,2.3858333333333333
"(32, 42)",6737.01,6.5685
"(32, 43)",5013.48,5.569500000000001
"(32, 44)",5516.55,7.168166666666666
"(32, 45)",7092.28,7.040666666666667
"(32, 46)",7345.59,7.3445
"(32, 47)",2298.9,1.528
"(32, 48)",4729.54,5.594166666666666
"(32, 49)",5013.48,5.569500000000001
"(32, 50)",2706.84,2.0756666666666668
"(33, 0)",2227.13,5.354833333333334
"(33, 1)",25831.24,18.921833333333332
"(33, 2)",892.69,3.1375
"(33, 3)",1581.93,3.4128333333333334
"(33, 4)",3717.11,4.860166666666667
"(33, 5)",3173.79,4.559833333333333
"(33, 6)",1736.57,2.9116666666666666
"(33, 7)",1423.94,3.2175000000000002
"(33, 8)",3358.87,4.645166666666666
"(33, 9)",1586.32,2.555
"(33, 10)",1024.27,3.2186666666666666
"(33, 11)",2076.14,3.4555000000000002
"(33, 12)",1954.84,3.791
"(33, 13)",1458.44,2.4015
"(33, 14)",2438.13,5.776666666666667
"(33, 15)",4637.13,5.655
"(33, 16)",5273.81,6.0135
"(33, 17)",2009.9,4.011166666666666
"(33, 18)",1537.07,2.6445
"(33, 19)",1878.7,4.303166666666667
"(33, 20)",1771.09,3.9803333333333333
"(33, 21)",2118.73,3.193833333333333
"(33, 22)",2301.9,5.504333333333333
"(33, 23)",650.92,1.4325
"(33, 24)",2071.57,3.4499999999999997
"(33, 25)",1068.62,2.2618333333333336
"(33, 26)",2283.22,3.685666666666666
"(33, 27)",4477.12,5.5355
"(33, 28)",2418.97,5.738333333333333
"(33, 29)",2368.94,5.638333333333334
"(33, 30)",4241.27,5.323333333333333
"(33, 31)",2288.13,3.6901666666666664
"(33, 32)",2983.65,4.420166666666666
"(33, 33)",0.0,0.0
"(33, 34)",1878.7,4.303166666666667
"(33, 35)",983.15,2.602833333333333
"(33, 36)",2324.52,3.7238333333333333
"(33, 37)",14548.94,11.454
"(33, 38)",2622.57,6.145666666666667
"(33, 39)",2052.4,4.181166666666667
"(33, 40)",2890.36,6.681166666666667
"(33, 41)",2325.46,3.7246666666666663
"(33, 42)",2520.51,3.8096666666666668
"(33, 43)",1126.44,3.627333333333333
"(33, 44)",2696.11,6.292666666666666
"(33, 45)",1606.0,2.5786666666666664
"(33, 46)",1859.31,2.8826666666666667
"(33, 47)",5282.44,5.9479999999999995
"(33, 48)",1909.1,4.718666666666667
"(33, 49)",1126.44,3.627333333333333
"(33, 50)",3008.06,4.354833333333334
"(34, 0)",1557.94,4.423
"(34, 1)",24474.24,17.292666666666666
"(34, 2)",1586.89,3.569166666666667
"(34, 3)",412.87,1.2386666666666666
"(34, 4)",2360.11,3.2310000000000003
"(34, 5)",1816.79,2.9306666666666668
"(34, 6)",2463.44,3.8631666666666664
"(34, 7)",754.75,2.2856666666666663
"(34, 8)",2001.88,3.016
"(34, 9)",3582.97,5.209666666666666
"(34, 10)",1421.69,3.3535
"(34, 11)",719.14,1.8263333333333334
"(34, 12)",2681.71,4.7425
"(34, 13)",3455.09,5.056333333333333
"(34, 14)",1768.94,4.845
"(34, 15)",3280.13,4.025833333333334
"(34, 16)",3916.81,4.384333333333333
"(34, 17)",2736.77,4.962666666666666
"(34, 18)",2263.94,3.596166666666667
"(34, 19)",0.0,0.0
"(34, 20)",222.58,0.6676666666666667
"(34, 21)",4115.39,5.8486666666666665
"(34, 22)",1632.71,4.572500000000001
"(34, 23)",2647.58,4.0873333333333335
"(34, 24)",714.57,1.8208333333333333
"(34, 25)",1795.49,3.2133333333333334
"(34, 26)",926.23,2.0564999999999998
"(34, 27)",3120.13,3.906333333333333
"(34, 28)",1749.77,4.806666666666667
"(34, 29)",1699.75,4.7065
"(34, 30)",2884.28,3.694166666666667
"(34, 31)",931.13,2.061166666666667
"(34, 32)",1626.65,2.791
"(34, 33)",1878.7,4.303166666666667
"(34, 34)",0.0,0.0
"(34, 35)",1106.72,2.4638333333333335
"(34, 36)",967.52,2.094666666666667
"(34, 37)",13191.94,9.824833333333334
"(34, 38)",1953.38,5.213833333333333
"(34, 39)",2779.27,5.132666666666666
"(34, 40)",2221.16,5.7493333333333325
"(34, 41)",968.46,2.0955
"(34, 42)",3247.38,4.761166666666667
"(34, 43)",1523.85,3.7621666666666664
"(34, 44)",2026.92,5.360833333333333
"(34, 45)",3602.66,5.233333333333333
"(34, 46)",3855.97,5.537333333333334
"(34, 47)",3925.44,4.318833333333333
"(34, 48)",1239.91,3.787
"(34, 49)",1523.85,3.7621666666666664
"(34, 50)",1651.07,2.7256666666666667
"(35, 0)",1455.15,3.515333333333333
"(35, 1)",25059.25,17.082333333333334
"(35, 2)",691.33,1.8688333333333331
"(35, 3)",809.95,1.5735
"(35, 4)",2945.12,3.0208333333333335
"(35, 5)",2401.81,2.7205
"(35, 6)",1567.88,2.1628333333333334
"(35, 7)",651.96,1.3781666666666665
"(35, 8)",2586.89,2.805833333333333
"(35, 9)",2687.42,3.509333333333333
"(35, 10)",526.13,1.6531666666666667
"(35, 11)",1304.15,1.6161666666666665
"(35, 12)",1786.16,3.0421666666666667
"(35, 13)",2559.54,3.3560000000000003
"(35, 14)",1666.15,3.9373333333333336
"(35, 15)",3865.15,3.8155
"(35, 16)",4501.82,4.174166666666666
"(35, 17)",1841.22,3.2623333333333333
"(35, 18)",1368.38,1.8958333333333333
"(35, 19)",1106.72,2.4638333333333335
"(35, 20)",999.11,2.141
"(35, 21)",3219.83,4.148333333333333
"(35, 22)",1529.92,3.665
"(35, 23)",1752.02,2.387
"(35, 24)",1299.58,1.6106666666666667
"(35, 25)",899.93,1.513
"(35, 26)",1511.24,1.8463333333333334
"(35, 27)",3705.14,3.6961666666666666
"(35, 28)",1646.98,3.899
"(35, 29)",1596.96,3.799
"(35, 30)",3469.29,3.484
"(35, 31)",1516.14,1.8508333333333333
"(35, 32)",2211.66,2.580833333333333
"(35, 33)",983.15,2.602833333333333
"(35, 34)",1106.72,2.4638333333333335
"(35, 35)",0.0,0.0
"(35, 36)",1552.53,1.8844999999999998
"(35, 37)",13776.95,9.614666666666666
"(35, 38)",1850.59,4.306166666666667
"(35, 39)",1883.71,3.4323333333333332
"(35, 40)",2118.38,4.841833333333333
"(35, 41)",1553.48,1.8853333333333333
"(35, 42)",2351.83,3.0608333333333335
"(35, 43)",628.3,2.0618333333333334
"(35, 44)",1924.13,4.453333333333333
"(35, 45)",2707.1,3.533
"(35, 46)",2960.41,3.8369999999999997
"(35, 47)",4510.45,4.108666666666667
"(35, 48)",1137.12,2.8793333333333333
"(35, 49)",628.3,2.0618333333333334
"(35, 50)",2236.08,2.5155000000000003
"(36, 0)",2003.75,3.8436666666666666
"(36, 1)",23506.78,15.198
"(36, 2)",2032.7,2.9896666666666665
"(36, 3)",1204.82,1.748
"(36, 4)",1392.65,1.1363333333333334
"(36, 5)",849.33,0.8361666666666667
"(36, 6)",2909.25,3.283666666666667
"(36, 7)",1200.56,1.7063333333333333
"(36, 8)",1034.42,0.9215
"(36, 9)",4028.78,4.630333333333333
"(36, 10)",1867.5,2.7741666666666664
"(36, 11)",248.38,0.26833333333333337
"(36, 12)",3127.52,4.163166666666666
"(36, 13)",3900.91,4.476833333333333
"(36, 14)",2214.75,4.2655
"(36, 15)",2312.67,1.9311666666666667
"(36, 16)",2949.35,2.2896666666666667
"(36, 17)",3182.58,4.383333333333333
"(36, 18)",2709.75,3.0166666666666666
"(36, 19)",967.52,2.094666666666667
"(36, 20)",859.91,1.7718333333333334
"(36, 21)",4561.2,5.269166666666666
"(36, 22)",2078.52,3.9931666666666668
"(36, 23)",3093.39,3.507833333333333
"(36, 24)",252.95,0.2738333333333333
"(36, 25)",2241.3,2.634
"(36, 26)",41.29,0.03816666666666667
"(36, 27)",2152.67,1.8116666666666668
"(36, 28)",2195.59,4.227166666666666
"(36, 29)",2145.56,4.127166666666667
"(36, 30)",1916.82,1.5995
"(36, 31)",36.39,0.033666666666666664
"(36, 32)",659.19,0.6963333333333334
"(36, 33)",2324.52,3.7238333333333333
"(36, 34)",967.52,2.094666666666667
"(36, 35)",1552.53,1.8844999999999998
"(36, 36)",0.0,0.0
"(36, 37)",12224.48,7.730333333333333
"(36, 38)",2399.19,4.6345
"(36, 39)",3225.08,4.553333333333333
"(36, 40)",2666.98,5.17
"(36, 41)",0.95,0.0008333333333333334
"(36, 42)",3693.2,4.1818333333333335
"(36, 43)",1969.67,3.182666666666667
"(36, 44)",2472.73,4.781499999999999
"(36, 45)",4048.47,4.654
"(36, 46)",4301.78,4.957833333333333
"(36, 47)",2957.98,2.2241666666666666
"(36, 48)",1685.72,3.2074999999999996
"(36, 49)",1969.67,3.182666666666667
"(36, 50)",683.61,0.631
"(37, 0)",4096.14,5.510833333333333
"(37, 1)",24510.04,15.425999999999998
"(37, 2)",4125.09,4.656833333333334
"(37, 3)",3297.21,3.4151666666666665
"(37, 4)",3059.55,2.4108333333333336
"(37, 5)",1921.15,1.5611666666666666
"(37, 6)",5001.64,4.950833333333334
"(37, 7)",3292.95,3.3735
"(37, 8)",2701.31,2.1958333333333333
"(37, 9)",6121.18,6.2975
"(37, 10)",3959.89,4.441333333333334
"(37, 11)",2340.83,1.9355
"(37, 12)",5219.91,5.830333333333333
"(37, 13)",5993.3,6.144
"(37, 14)",4307.14,5.932666666666666
"(37, 15)",3315.93,2.1591666666666667
"(37, 16)",3952.61,2.5176666666666665
"(37, 17)",5274.97,6.0504999999999995
"(37, 18)",4802.14,4.683833333333332
"(37, 19)",3059.91,3.7618333333333336
"(37, 20)",2952.3,3.439
"(37, 21)",6653.59,6.936333333333334
"(37, 22)",4170.91,5.660333333333333
"(37, 23)",5185.78,5.175
"(37, 24)",2345.4,1.9409999999999998
"(37, 25)",4333.69,4.301166666666666
"(37, 26)",2133.74,1.7053333333333331
"(37, 27)",3155.93,2.039833333333333
"(37, 28)",4287.98,5.894333333333334
"(37, 29)",4237.95,5.794333333333333
"(37, 30)",306.32,0.18383333333333332
"(37, 31)",2128.84,1.7008333333333332
"(37, 32)",2326.09,1.9706666666666666
"(37, 33)",4416.91,5.391
"(37, 34)",3059.91,3.7618333333333336
"(37, 35)",3644.92,3.5516666666666663
"(37, 36)",2092.45,1.6671666666666667
"(37, 37)",0.0,0.0
"(37, 38)",4491.58,6.301666666666667
"(37, 39)",5317.47,6.2205
"(37, 40)",4759.37,6.837166666666667
"(37, 41)",2091.5,1.6663333333333334
"(37, 42)",5785.59,5.849
"(37, 43)",4062.06,4.849833333333334
"(37, 44)",4565.12,6.448666666666667
"(37, 45)",6140.86,6.321166666666667
"(37, 46)",6394.17,6.625
"(37, 47)",1347.48,0.8085
"(37, 48)",3778.11,4.874666666666667
"(37, 49)",4062.06,4.849833333333334
"(37, 50)",1755.42,1.3561666666666667
"(38, 0)",395.44,0.7908333333333334
"(38, 1)",25905.92,19.832333333333334
"(38, 2)",2330.76,5.4115
"(38, 3)",1656.61,4.3235
"(38, 4)",3791.79,5.770833333333333
"(38, 5)",3248.47,5.4705
"(38, 6)",3207.31,5.7055
"(38, 7)",1198.63,2.928166666666667
"(38, 8)",3433.55,5.555833333333334
"(38, 9)",2938.24,5.034833333333333
"(38, 10)",2165.56,5.195833333333333
"(38, 11)",2150.81,4.366
"(38, 12)",3425.58,6.584833333333333
"(38, 13)",3066.12,5.188166666666667
"(38, 14)",184.45,0.3688333333333333
"(38, 15)",4711.81,6.5655
"(38, 16)",5348.48,6.924166666666666
"(38, 17)",3480.64,6.805
"(38, 18)",3007.81,5.4385
"(38, 19)",1953.38,5.213833333333333
"(38, 20)",1845.77,4.891
"(38, 21)",2405.82,4.395833333333333
"(38, 22)",320.67,0.6413333333333333
"(38, 23)",3391.45,5.929666666666666
"(38, 24)",2146.24,4.360666666666666
"(38, 25)",2539.36,5.055666666666666
"(38, 26)",2357.9,4.596333333333333
"(38, 27)",4551.8,6.446166666666667
"(38, 28)",203.61,0.4071666666666667
"(38, 29)",253.63,0.5071666666666667
"(38, 30)",4315.95,6.234
"(38, 31)",2362.8,4.600833333333333
"(38, 32)",3058.32,5.330666666666666
"(38, 33)",2622.57,6.145666666666667
"(38, 34)",1953.38,5.213833333333333
"(38, 35)",1850.59,4.306166666666667
"(38, 36)",2399.19,4.6345
"(38, 37)",14623.61,12.364666666666666
"(38, 38)",0.0,0.0
"(38, 39)",3523.14,6.975
"(38, 40)",267.78,0.5355000000000001
"(38, 41)",2400.14,4.6353333333333335
"(38, 42)",3991.25,6.6034999999999995
"(38, 43)",2267.73,5.6045
"(38, 44)",73.54,0.147
"(38, 45)",2918.55,5.011166666666667
"(38, 46)",2665.25,4.707166666666667
"(38, 47)",5357.11,6.858666666666666
"(38, 48)",713.47,1.4268333333333334
"(38, 49)",2267.73,5.6045
"(38, 50)",3082.74,5.265333333333333
"(39, 0)",3127.7,6.184166666666667
"(39, 1)",26731.8,19.751166666666666
"(39, 2)",1280.46,3.4406666666666665
"(39, 3)",2482.5,4.242333333333333
"(39, 4)",4617.67,5.689666666666667
"(39, 5)",4074.36,5.389333333333333
"(39, 6)",321.31,1.279
"(39, 7)",2324.51,4.047
"(39, 8)",4259.44,5.474666666666667
"(39, 9)",3212.32,5.030666666666666
"(39, 10)",1417.35,3.9881666666666664
"(39, 11)",2976.7,4.285
"(39, 12)",97.66,0.39066666666666666
"(39, 13)",3084.44,4.877166666666667
"(39, 14)",3338.69,6.606166666666667
"(39, 15)",5537.7,6.484333333333333
"(39, 16)",6174.37,6.843
"(39, 17)",42.5,0.16999999999999998
"(39, 18)",515.33,1.5365
"(39, 19)",2779.27,5.132666666666666
"(39, 20)",2671.66,4.809833333333333
"(39, 21)",3744.73,5.6695
"(39, 22)",3202.47,6.333666666666666
"(39, 23)",2276.92,3.908166666666667
"(39, 24)",2972.13,4.2795
"(39, 25)",1165.12,2.6446666666666667
"(39, 26)",3183.79,4.515166666666667
"(39, 27)",5377.69,6.364999999999999
"(39, 28)",3319.53,6.567833333333333
"(39, 29)",3269.51,6.467833333333333
"(39, 30)",5141.84,6.152833333333334
"(39, 31)",3188.69,4.519666666666667
"(39, 32)",3884.21,5.249666666666667
"(39, 33)",2052.4,4.181166666666667
"(39, 34)",2779.27,5.132666666666666
"(39, 35)",1883.71,3.4323333333333332
"(39, 36)",3225.08,4.553333333333333
"(39, 37)",15449.5,12.2835
"(39, 38)",3523.14,6.975
"(39, 39)",0.0,0.0
"(39, 40)",3790.92,7.510666666666666
"(39, 41)",3226.03,4.554166666666666
"(39, 42)",1053.59,2.3515
"(39, 43)",1291.44,3.723333333333333
"(39, 44)",3596.68,7.122166666666666
"(39, 45)",3232.0,5.054166666666666
"(39, 46)",3485.31,5.3581666666666665
"(39, 47)",6183.0,6.7775
"(39, 48)",2809.67,5.548166666666666
"(39, 49)",1291.44,3.723333333333333
"(39, 50)",3908.63,5.184166666666667
"(40, 0)",663.23,1.3263333333333334
"(40, 1)",26173.7,20.367833333333333
"(40, 2)",2598.54,5.947
"(40, 3)",1924.39,4.859
"(40, 4)",4059.57,6.306333333333333
"(40, 5)",3516.25,6.006
"(40, 6)",3475.09,6.241
"(40, 7)",1466.42,3.4636666666666667
"(40, 8)",3701.33,6.091333333333334
"(40, 9)",2670.46,4.4991666666666665
"(40, 10)",2433.34,5.7315
"(40, 11)",2418.6,4.901666666666667
"(40, 12)",3693.36,7.120333333333334
"(40, 13)",2798.34,4.652666666666667
"(40, 14)",452.23,0.9045000000000001
"(40, 15)",4979.59,7.101166666666667
"(40, 16)",5616.27,7.459666666666666
"(40, 17)",3748.43,7.3406666666666665
"(40, 18)",3275.59,5.974
"(40, 19)",2221.16,5.7493333333333325
"(40, 20)",2113.55,5.4265
"(40, 21)",2138.04,3.860333333333333
"(40, 22)",588.46,1.1768333333333334
"(40, 23)",3605.85,5.621666666666667
"(40, 24)",2414.03,4.896166666666666
"(40, 25)",2807.14,5.591333333333334
"(40, 26)",2625.69,5.131833333333334
"(40, 27)",4819.59,6.9816666666666665
"(40, 28)",471.39,0.9426666666666667
"(40, 29)",521.41,1.0428333333333333
"(40, 30)",4583.73,6.7695
"(40, 31)",2630.59,5.136333333333333
"(40, 32)",3326.11,5.866333333333333
"(40, 33)",2890.36,6.681166666666667
"(40, 34)",2221.16,5.7493333333333325
"(40, 35)",2118.38,4.841833333333333
"(40, 36)",2666.98,5.17
"(40, 37)",14891.4,12.900166666666665
"(40, 38)",267.78,0.5355000000000001
"(40, 39)",3790.92,7.510666666666666
"(40, 40)",0.0,0.0
"(40, 41)",2667.92,5.170833333333333
"(40, 42)",4259.04,7.139166666666667
"(40, 43)",2535.51,6.14
"(40, 44)",194.24,0.38849999999999996
"(40, 45)",2650.77,4.475666666666667
"(40, 46)",2397.46,4.171666666666667
"(40, 47)",5624.9,7.394166666666666
"(40, 48)",981.25,1.9625
"(40, 49)",2535.51,6.14
"(40, 50)",3350.53,5.801
"(41, 0)",2004.7,3.8444999999999996
"(41, 1)",23505.83,15.197166666666668
"(41, 2)",2033.65,2.9905
"(41, 3)",1205.76,1.7488333333333335
"(41, 4)",1391.7,1.1355
"(41, 5)",848.39,0.8351666666666666
"(41, 6)",2910.2,3.284666666666667
"(41, 7)",1201.51,1.7071666666666667
"(41, 8)",1033.47,0.9205
"(41, 9)",4029.73,4.631166666666667
"(41, 10)",1868.45,2.775
"(41, 11)",249.33,0.26916666666666667
"(41, 12)",3128.47,4.164
"(41, 13)",3901.85,4.477833333333334
"(41, 14)",2215.69,4.2665
"(41, 15)",2311.73,1.9303333333333332
"(41, 16)",2948.4,2.2888333333333337
"(41, 17)",3183.53,4.384166666666667
"(41, 18)",2710.7,3.0175
"(41, 19)",968.46,2.0955
"(41, 20)",860.85,1.7726666666666666
"(41, 21)",4562.15,5.27
"(41, 22)",2079.47,3.9939999999999998
"(41, 23)",3094.34,3.5086666666666666
"(41, 24)",253.9,0.27466666666666667
"(41, 25)",2242.25,2.6348333333333334
"(41, 26)",42.24,0.039
"(41, 27)",2151.72,1.8108333333333333
"(41, 28)",2196.53,4.228166666666667
"(41, 29)",2146.51,4.128
"(41, 30)",1915.87,1.5986666666666667
"(41, 31)",37.34,0.034499999999999996
"(41, 32)",658.24,0.6954999999999999
"(41, 33)",2325.46,3.7246666666666663
"(41, 34)",968.46,2.0955
"(41, 35)",1553.48,1.8853333333333333
"(41, 36)",0.95,0.0008333333333333334
"(41, 37)",12223.53,7.729333333333333
"(41, 38)",2400.14,4.6353333333333335
"(41, 39)",3226.03,4.554166666666666
"(41, 40)",2667.92,5.170833333333333
"(41, 41)",0.0,0.0
"(41, 42)",3694.14,4.182666666666667
"(41, 43)",1970.61,3.183666666666667
"(41, 44)",2473.68,4.782333333333333
"(41, 45)",4049.42,4.654833333333333
"(41, 46)",4302.73,4.958833333333333
"(41, 47)",2957.03,2.2233333333333336
"(41, 48)",1686.67,3.2085
"(41, 49)",1970.61,3.183666666666667
"(41, 50)",682.66,0.6301666666666667
"(42, 0)",3595.81,5.812833333333333
"(42, 1)",27199.92,19.379833333333334
"(42, 2)",1696.46,3.2430000000000003
"(42, 3)",2950.61,3.870833333333333
"(42, 4)",5085.79,5.3181666666666665
"(42, 5)",4542.47,5.017833333333333
"(42, 6)",732.28,1.0726666666666667
"(42, 7)",2792.62,3.6755
"(42, 8)",4727.55,5.103166666666667
"(42, 9)",3680.43,4.659166666666667
"(42, 10)",2392.95,3.6766666666666663
"(42, 11)",3444.82,3.9135
"(42, 12)",956.03,1.9613333333333334
"(42, 13)",3552.55,4.5056666666666665
"(42, 14)",3806.81,6.234666666666667
"(42, 15)",6005.81,6.112833333333333
"(42, 16)",6642.49,6.4715
"(42, 17)",1011.09,2.1814999999999998
"(42, 18)",931.78,1.3396666666666666
"(42, 19)",3247.38,4.761166666666667
"(42, 20)",3139.77,4.4383333333333335
"(42, 21)",4212.85,5.298
"(42, 22)",3670.58,5.9623333333333335
"(42, 23)",2745.04,3.5366666666666666
"(42, 24)",3440.25,3.908
"(42, 25)",1636.85,2.364
"(42, 26)",3651.9,4.143666666666666
"(42, 27)",5845.8,5.9935
"(42, 28)",3787.65,6.196333333333333
"(42, 29)",3737.62,6.096333333333333
"(42, 30)",5609.95,5.781333333333333
"(42, 31)",3656.81,4.148166666666667
"(42, 32)",4352.33,4.878166666666667
"(42, 33)",2520.51,3.8096666666666668
"(42, 34)",3247.38,4.761166666666667
"(42, 35)",2351.83,3.0608333333333335
"(42, 36)",3693.2,4.1818333333333335
"(42, 37)",15917.62,11.912
"(42, 38)",3991.25,6.6034999999999995
"(42, 39)",1053.59,2.3515
"(42, 40)",4259.04,7.139166666666667
"(42, 41)",3694.14,4.182666666666667
"(42, 42)",0.0,0.0
"(42, 43)",1707.45,3.5256666666666665
"(42, 44)",4064.79,6.750666666666667
"(42, 45)",3700.12,4.682833333333334
"(42, 46)",3953.43,4.986666666666666
"(42, 47)",6651.12,6.406
"(42, 48)",3277.78,5.176666666666667
"(42, 49)",1707.45,3.5256666666666665
"(42, 50)",4376.74,4.812833333333333
"(43, 0)",1872.28,4.813666666666666
"(43, 1)",25476.39,18.380666666666666
"(43, 2)",242.63,0.9704999999999999
"(43, 3)",1227.08,2.8718333333333335
"(43, 4)",3362.26,4.319166666666666
"(43, 5)",2818.94,4.018833333333333
"(43, 6)",975.61,2.4538333333333333
"(43, 7)",1069.09,2.6763333333333335
"(43, 8)",3004.02,4.104166666666667
"(43, 9)",2830.7,4.533833333333333
"(43, 10)",102.16,0.4086666666666667
"(43, 11)",1721.29,2.9143333333333334
"(43, 12)",1193.88,3.3331666666666666
"(43, 13)",2702.82,4.380333333333333
"(43, 14)",2083.28,5.235666666666666
"(43, 15)",4282.28,5.113833333333333
"(43, 16)",4918.96,5.4725
"(43, 17)",1248.94,3.5533333333333332
"(43, 18)",776.11,2.1866666666666665
"(43, 19)",1523.85,3.7621666666666664
"(43, 20)",1416.24,3.4393333333333334
"(43, 21)",3363.12,5.172666666666667
"(43, 22)",1947.05,4.963166666666667
"(43, 23)",1895.31,3.4113333333333333
"(43, 24)",1716.72,2.9088333333333334
"(43, 25)",607.38,2.283
"(43, 26)",1928.37,3.1446666666666667
"(43, 27)",4122.28,4.9945
"(43, 28)",2064.12,5.197333333333333
"(43, 29)",2014.09,5.097333333333333
"(43, 30)",3886.42,4.782333333333333
"(43, 31)",1933.28,3.1491666666666664
"(43, 32)",2628.8,3.879
"(43, 33)",1126.44,3.627333333333333
"(43, 34)",1523.85,3.7621666666666664
"(43, 35)",628.3,2.0618333333333334
"(43, 36)",1969.67,3.182666666666667
"(43, 37)",14194.09,10.913
"(43, 38)",2267.73,5.6045
"(43, 39)",1291.44,3.723333333333333
"(43, 40)",2535.51,6.14
"(43, 41)",1970.61,3.183666666666667
"(43, 42)",1707.45,3.5256666666666665
"(43, 43)",0.0,0.0
"(43, 44)",2341.26,5.751666666666667
"(43, 45)",2850.39,4.5575
"(43, 46)",3103.7,4.8613333333333335
"(43, 47)",4927.59,5.407
"(43, 48)",1554.25,4.177666666666666
"(43, 49)",0.0,0.0
"(43, 50)",2653.21,3.8136666666666663
"(44, 0)",468.98,0.9378333333333334
"(44, 1)",25979.46,19.979499999999998
"(44, 2)",2404.3,5.5584999999999996
"(44, 3)",1730.15,4.4705
"(44, 4)",3865.32,5.917833333333333
"(44, 5)",3322.01,5.6175
"(44, 6)",3280.85,5.852499999999999
"(44, 7)",1272.17,3.0751666666666666
"(44, 8)",3507.09,5.702833333333333
"(44, 9)",2864.7,4.887666666666666
"(44, 10)",2239.1,5.343
"(44, 11)",2224.35,4.513166666666667
"(44, 12)",3499.12,6.732
"(44, 13)",2992.58,5.041166666666667
"(44, 14)",257.99,0.516
"(44, 15)",4785.35,6.712666666666666
"(44, 16)",5422.02,7.071166666666667
"(44, 17)",3554.18,6.952166666666667
"(44, 18)",3081.35,5.5855
"(44, 19)",2026.92,5.360833333333333
"(44, 20)",1919.31,5.037999999999999
"(44, 21)",2332.28,4.248833333333334
"(44, 22)",394.21,0.7883333333333333
"(44, 23)",3800.1,6.010166666666667
"(44, 24)",2219.78,4.507666666666666
"(44, 25)",2612.9,5.202833333333333
"(44, 26)",2431.44,4.743333333333334
"(44, 27)",4625.34,6.593166666666666
"(44, 28)",277.15,0.5543333333333333
"(44, 29)",327.17,0.6543333333333333
"(44, 30)",4389.49,6.381
"(44, 31)",2436.34,4.748
"(44, 32)",3131.86,5.477833333333334
"(44, 33)",2696.11,6.292666666666666
"(44, 34)",2026.92,5.360833333333333
"(44, 35)",1924.13,4.453333333333333
"(44, 36)",2472.73,4.781499999999999
"(44, 37)",14697.15,12.511666666666667
"(44, 38)",73.54,0.147
"(44, 39)",3596.68,7.122166666666666
"(44, 40)",194.24,0.38849999999999996
"(44, 41)",2473.68,4.782333333333333
"(44, 42)",4064.79,6.750666666666667
"(44, 43)",2341.26,5.751666666666667
"(44, 44)",0.0,0.0
"(44, 45)",2845.01,4.864166666666667
"(44, 46)",2591.71,4.5601666666666665
"(44, 47)",5430.65,7.0056666666666665
"(44, 48)",787.01,1.5739999999999998
"(44, 49)",2341.26,5.751666666666667
"(44, 50)",3156.28,5.4125
"(45, 0)",3314.0,5.802
"(45, 1)",27555.19,19.85183333333333
"(45, 2)",2616.65,4.067666666666667
"(45, 3)",3305.89,4.343
"(45, 4)",5441.06,5.790333333333334
"(45, 5)",4897.75,5.489999999999999
"(45, 6)",2916.17,3.784666666666667
"(45, 7)",3147.9,4.1475
"(45, 8)",5082.83,5.575333333333333
"(45, 9)",19.69,0.023666666666666666
"(45, 10)",2748.23,4.148833333333333
"(45, 11)",3800.09,4.385666666666666
"(45, 12)",3134.44,4.664
"(45, 13)",147.57,0.177
"(45, 14)",3103.0,5.38
"(45, 15)",6361.08,6.585
"(45, 16)",6997.76,6.943666666666666
"(45, 17)",3189.51,4.884166666666667
"(45, 18)",2716.67,3.5176666666666665
"(45, 19)",3602.66,5.233333333333333
"(45, 20)",3495.04,4.9105
"(45, 21)",512.73,0.6153333333333334
"(45, 22)",3239.23,5.6525
"(45, 23)",955.08,1.1460000000000001
"(45, 24)",3795.52,4.380166666666667
"(45, 25)",2248.22,3.1348333333333334
"(45, 26)",4007.18,4.615833333333333
"(45, 27)",6201.08,6.4656666666666665
"(45, 28)",3122.16,5.418333333333334
"(45, 29)",3172.19,5.5183333333333335
"(45, 30)",5965.23,6.2535
"(45, 31)",4012.08,4.620333333333334
"(45, 32)",4707.6,5.350333333333333
"(45, 33)",1606.0,2.5786666666666664
"(45, 34)",3602.66,5.233333333333333
"(45, 35)",2707.1,3.533
"(45, 36)",4048.47,4.654
"(45, 37)",16272.89,12.384166666666665
"(45, 38)",2918.55,5.011166666666667
"(45, 39)",3232.0,5.054166666666666
"(45, 40)",2650.77,4.475666666666667
"(45, 41)",4049.42,4.654833333333333
"(45, 42)",3700.12,4.682833333333334
"(45, 43)",2850.39,4.5575
"(45, 44)",2845.01,4.864166666666667
"(45, 45)",0.0,0.0
"(45, 46)",253.31,0.304
"(45, 47)",7006.39,6.878166666666666
"(45, 48)",3633.06,5.648833333333333
"(45, 49)",2850.39,4.5575
"(45, 50)",4732.02,5.285
"(46, 0)",3060.69,5.498
"(46, 1)",27808.5,20.15583333333333
"(46, 2)",2869.95,4.371666666666667
"(46, 3)",3559.19,4.647
"(46, 4)",5694.37,6.094166666666666
"(46, 5)",5151.05,5.794
"(46, 6)",3169.48,4.088666666666667
"(46, 7)",3401.2,4.451499999999999
"(46, 8)",5336.14,5.879333333333333
"(46, 9)",272.99,0.32749999999999996
"(46, 10)",3001.53,4.452833333333333
"(46, 11)",4053.4,4.6895
"(46, 12)",3387.75,4.968
"(46, 13)",400.87,0.481
"(46, 14)",2849.69,5.0761666666666665
"(46, 15)",6614.39,6.888999999999999
"(46, 16)",7251.07,7.2476666666666665
"(46, 17)",3442.81,5.188166666666667
"(46, 18)",2969.98,3.8216666666666668
"(46, 19)",3855.97,5.537333333333334
"(46, 20)",3748.35,5.2145
"(46, 21)",259.42,0.31133333333333335
"(46, 22)",2985.92,5.3485000000000005
"(46, 23)",1208.39,1.45
"(46, 24)",4048.83,4.684
"(46, 25)",2501.53,3.4388333333333336
"(46, 26)",4260.49,4.919833333333333
"(46, 27)",6454.39,6.769666666666667
"(46, 28)",2868.85,5.114333333333334
"(46, 29)",2918.88,5.2145
"(46, 30)",6218.54,6.5575
"(46, 31)",4265.39,4.924333333333333
"(46, 32)",4960.91,5.654166666666667
"(46, 33)",1859.31,2.8826666666666667
"(46, 34)",3855.97,5.537333333333334
"(46, 35)",2960.41,3.8369999999999997
"(46, 36)",4301.78,4.957833333333333
"(46, 37)",16526.2,12.688166666666666
"(46, 38)",2665.25,4.707166666666667
"(46, 39)",3485.31,5.3581666666666665
"(46, 40)",2397.46,4.171666666666667
"(46, 41)",4302.73,4.958833333333333
"(46, 42)",3953.43,4.986666666666666
"(46, 43)",3103.7,4.8613333333333335
"(46, 44)",2591.71,4.5601666666666665
"(46, 45)",253.31,0.304
"(46, 46)",0.0,0.0
"(46, 47)",7259.7,7.182
"(46, 48)",3886.37,5.952833333333333
"(46, 49)",3103.7,4.8613333333333335
"(46, 50)",4985.33,5.588833333333333
"(47, 0)",4639.79,5.886833333333333
"(47, 1)",23162.68,14.6175
"(47, 2)",4668.74,5.033
"(47, 3)",3840.86,3.791166666666667
"(47, 4)",3534.83,2.2670000000000003
"(47, 5)",3059.88,2.4865
"(47, 6)",5545.29,5.327
"(47, 7)",3836.6,3.7495
"(47, 8)",3176.6,2.0521666666666665
"(47, 9)",6664.83,6.673500000000001
"(47, 10)",4503.54,4.817333333333334
"(47, 11)",2884.48,2.3116666666666665
"(47, 12)",5763.56,6.206333333333333
"(47, 13)",6536.95,6.52
"(47, 14)",4850.79,6.308666666666666
"(47, 15)",1968.57,1.3506666666666667
"(47, 16)",2605.25,1.7093333333333334
"(47, 17)",5818.63,6.4265
"(47, 18)",5345.79,5.0600000000000005
"(47, 19)",3603.56,4.137833333333333
"(47, 20)",3495.95,3.815
"(47, 21)",7197.24,7.312333333333333
"(47, 22)",4714.56,6.036333333333333
"(47, 23)",5729.43,5.551
"(47, 24)",2889.05,2.317
"(47, 25)",4877.34,4.6771666666666665
"(47, 26)",2677.39,2.0813333333333333
"(47, 27)",1808.56,1.2313333333333332
"(47, 28)",4831.63,6.2705
"(47, 29)",4781.6,6.170333333333334
"(47, 30)",4059.0,2.730166666666667
"(47, 31)",2672.49,2.076833333333333
"(47, 32)",2801.38,1.827
"(47, 33)",4960.56,5.7669999999999995
"(47, 34)",3603.56,4.137833333333333
"(47, 35)",4188.57,3.9276666666666666
"(47, 36)",2636.1,2.0431666666666666
"(47, 37)",14366.66,8.860999999999999
"(47, 38)",5035.24,6.677666666666667
"(47, 39)",5861.12,6.5965
"(47, 40)",5303.02,7.213166666666667
"(47, 41)",2635.15,2.0423333333333336
"(47, 42)",6329.24,6.225
"(47, 43)",4605.71,5.226
"(47, 44)",5108.77,6.824666666666666
"(47, 45)",6684.51,6.697166666666666
"(47, 46)",6937.82,7.001166666666666
"(47, 47)",0.0,0.0
"(47, 48)",4321.76,5.2508333333333335
"(47, 49)",4605.71,5.226
"(47, 50)",2894.15,2.2815
"(48, 0)",318.03,0.6359999999999999
"(48, 1)",25192.45,18.4055
"(48, 2)",1617.29,3.984666666666667
"(48, 3)",943.14,2.896666666666667
"(48, 4)",3078.31,4.343833333333333
"(48, 5)",2535.0,4.043666666666667
"(48, 6)",2493.84,4.278666666666667
"(48, 7)",485.16,1.5011666666666665
"(48, 8)",2720.08,4.1290000000000004
"(48, 9)",3613.37,5.625166666666667
"(48, 10)",1452.09,3.7689999999999997
"(48, 11)",1437.34,2.9391666666666665
"(48, 12)",2712.11,5.158
"(48, 13)",3485.49,5.4718333333333335
"(48, 14)",529.03,1.0579999999999998
"(48, 15)",3998.34,5.1386666666666665
"(48, 16)",4635.01,5.497166666666667
"(48, 17)",2767.17,5.378166666666667
"(48, 18)",2294.34,4.011666666666667
"(48, 19)",1239.91,3.787
"(48, 20)",1132.3,3.4641666666666664
"(48, 21)",3119.29,5.8228333333333335
"(48, 22)",392.8,0.7855000000000001
"(48, 23)",2677.98,4.502833333333333
"(48, 24)",1432.77,2.933666666666667
"(48, 25)",1825.89,3.628833333333333
"(48, 26)",1644.43,3.1694999999999998
"(48, 27)",3838.33,5.019333333333334
"(48, 28)",509.86,1.0196666666666667
"(48, 29)",459.84,0.9196666666666666
"(48, 30)",3602.48,4.807
"(48, 31)",1649.33,3.174
"(48, 32)",2344.85,3.903833333333333
"(48, 33)",1909.1,4.718666666666667
"(48, 34)",1239.91,3.787
"(48, 35)",1137.12,2.8793333333333333
"(48, 36)",1685.72,3.2074999999999996
"(48, 37)",13910.14,10.937833333333334
"(48, 38)",713.47,1.4268333333333334
"(48, 39)",2809.67,5.548166666666666
"(48, 40)",981.25,1.9625
"(48, 41)",1686.67,3.2085
"(48, 42)",3277.78,5.176666666666667
"(48, 43)",1554.25,4.177666666666666
"(48, 44)",787.01,1.5739999999999998
"(48, 45)",3633.06,5.648833333333333
"(48, 46)",3886.37,5.952833333333333
"(48, 47)",4643.64,5.431666666666667
"(48, 48)",0.0,0.0
"(48, 49)",1554.25,4.177666666666666
"(48, 50)",2369.27,3.8385
"(49, 0)",1872.28,4.813666666666666
"(49, 1)",25476.39,18.380666666666666
"(49, 2)",242.63,0.9704999999999999
"(49, 3)",1227.08,2.8718333333333335
"(49, 4)",3362.26,4.319166666666666
"(49, 5)",2818.94,4.018833333333333
"(49, 6)",975.61,2.4538333333333333
"(49, 7)",1069.09,2.6763333333333335
"(49, 8)",3004.02,4.104166666666667
"(49, 9)",2830.7,4.533833333333333
"(49, 10)",102.16,0.4086666666666667
"(49, 11)",1721.29,2.9143333333333334
"(49, 12)",1193.88,3.3331666666666666
"(49, 13)",2702.82,4.380333333333333
"(49, 14)",2083.28,5.235666666666666
"(49, 15)",4282.28,5.113833333333333
"(49, 16)",4918.96,5.4725
"(49, 17)",1248.94,3.5533333333333332
"(49, 18)",776.11,2.1866666666666665
"(49, 19)",1523.85,3.7621666666666664
"(49, 20)",1416.24,3.4393333333333334
"(49, 21)",3363.12,5.172666666666667
"(49, 22)",1947.05,4.963166666666667
"(49, 23)",1895.31,3.4113333333333333
"(49, 24)",1716.72,2.9088333333333334
"(49, 25)",607.38,2.283
"(49, 26)",1928.37,3.1446666666666667
"(49, 27)",4122.28,4.9945
"(49, 28)",2064.12,5.197333333333333
"(49, 29)",2014.09,5.097333333333333
"(49, 30)",3886.42,4.782333333333333
"(49, 31)",1933.28,3.1491666666666664
"(49, 32)",2628.8,3.879
"(49, 33)",1126.44,3.627333333333333
"(49, 34)",1523.85,3.7621666666666664
"(49, 35)",628.3,2.0618333333333334
"(49, 36)",1969.67,3.182666666666667
"(49, 37)",14194.09,10.913
"(49, 38)",2267.73,5.6045
"(49, 39)",1291.44,3.723333333333333
"(49, 40)",2535.51,6.14
"(49, 41)",1970.61,3.183666666666667
"(49, 42)",1707.45,3.5256666666666665
"(49, 43)",0.0,0.0
"(49, 44)",2341.26,5.751666666666667
"(49, 45)",2850.39,4.5575
"(49, 46)",3103.7,4.8613333333333335
"(49, 47)",4927.59,5.407
"(49, 48)",1554.25,4.177666666666666
"(49, 49)",0.0,0.0
"(49, 50)",2653.21,3.8136666666666663
"(50, 0)",2687.3,4.474500000000001
"(50, 1)",23169.75,14.886833333333334
"(50, 2)",2716.25,3.6206666666666667
"(50, 3)",1888.37,2.379
"(50, 4)",1650.7,1.3745
"(50, 5)",165.81,0.20516666666666666
"(50, 6)",3592.8,3.9146666666666667
"(50, 7)",1884.11,2.3373333333333335
"(50, 8)",1292.47,1.1596666666666666
"(50, 9)",4712.33,5.261333333333333
"(50, 10)",2551.05,3.4050000000000002
"(50, 11)",931.99,0.8993333333333333
"(50, 12)",3811.07,4.794
"(50, 13)",4584.45,5.107833333333334
"(50, 14)",2898.3,4.8965000000000005
"(50, 15)",1975.64,1.62
"(50, 16)",2612.32,1.9786666666666666
"(50, 17)",3866.13,5.014333333333333
"(50, 18)",3393.3,3.647666666666667
"(50, 19)",1651.07,2.7256666666666667
"(50, 20)",1543.45,2.402833333333333
"(50, 21)",5244.75,5.900166666666666
"(50, 22)",2762.07,4.6241666666666665
"(50, 23)",3776.94,4.138833333333333
"(50, 24)",936.56,0.9048333333333333
"(50, 25)",2924.85,3.2648333333333333
"(50, 26)",724.9,0.6691666666666667
"(50, 27)",1815.64,1.5006666666666668
"(50, 28)",2879.13,4.8581666666666665
"(50, 29)",2829.11,4.758166666666667
"(50, 30)",2174.87,1.8376666666666668
"(50, 31)",720.0,0.6645
"(50, 32)",917.24,0.9345
"(50, 33)",3008.06,4.354833333333334
"(50, 34)",1651.07,2.7256666666666667
"(50, 35)",2236.08,2.5155000000000003
"(50, 36)",683.61,0.631
"(50, 37)",12482.53,7.9685
"(50, 38)",3082.74,5.265333333333333
"(50, 39)",3908.63,5.184166666666667
"(50, 40)",3350.53,5.801
"(50, 41)",682.66,0.6301666666666667
"(50, 42)",4376.74,4.812833333333333
"(50, 43)",2653.21,3.8136666666666663
"(50, 44)",3156.28,5.4125
"(50, 45)",4732.02,5.285
"(50, 46)",4985.33,5.588833333333333
"(50, 47)",3216.03,2.4623333333333335
"(50, 48)",2369.27,3.8385
"(50, 49)",2653.21,3.8136666666666663
"(50, 50)",0.0,0.0
